raw/gen/time/iterations,raw/gen/time/fps,raw/gen/time/total_timesteps,raw/gen/time/time_elapsed,raw/gen/train/explained_variance,raw/gen/train/policy_gradient_loss,raw/gen/train/clip_range,raw/gen/train/clip_fraction,raw/gen/train/entropy_loss,raw/gen/train/approx_kl,raw/gen/rollout/ep_rew_wrapped_mean,raw/gen/train/loss,raw/gen/train/n_updates,raw/gen/train/learning_rate,raw/gen/train/value_loss
1,2672,2048,0,,,,,,,,,,,
2,812,4096,5,-0.27612197399139404,-0.0009427882148884236,0.1,0.0,-1.6093596398830414,0.00024536432,-1.899006561259739,-0.014616323634982109,5,0.00018,0.021518661500886084
3,660,6144,9,0.18169385194778442,-0.0010717114782892168,0.1,0.0,-1.6083659648895263,0.0006872661,-1.897777413163567,-0.015164989046752453,10,0.00016,0.027173073031008244
4,598,8192,13,0.390649676322937,-0.002133002248592675,0.1,0.03271484375,-1.604029941558838,0.0022527336,-1.8842748274522212,-0.015154380351305008,15,0.00014000000000000001,0.021896809339523315
5,571,10240,17,0.48618650436401367,-0.0015922110062092543,0.1,0.01982421875,-1.594714206457138,0.0016349887,-1.868973213545978,-0.016622653231024742,20,0.00012,0.01644591276999563
1,2537,12288,0,0.5710221827030182,-0.0024637759663164614,0.1,0.04169921875,-1.5823191106319427,0.0019810563,-1.8529500083997845,-0.01541915163397789,25,0.0001,0.014681523689068854
2,808,14336,5,0.08618760108947754,0.0002405083505436778,0.1,0.0,-1.571433186531067,0.00022976988,-3.6581823810189964,0.028129123151302338,30,0.00014000000000000001,0.7355472333729267
3,653,16384,9,0.5900773704051971,-0.0006109966023359447,0.1,0.0,-1.5761183977127076,0.00039312625,-5.453938832841813,0.025602055713534355,35,0.00013000000000000002,0.5231530070304871
4,603,18432,13,0.6115635335445404,-0.00114539775531739,0.1,9.765625e-05,-1.5822173058986664,0.0008812615,-7.268538099750876,0.03787459805607796,40,0.00012,0.49332910403609276
5,576,20480,17,0.4868822693824768,-0.0015627818531356752,0.1,0.02314453125,-1.5928482294082642,0.0014034966,-7.407872156351805,0.029410168528556824,45,0.00011,0.37504188194870947
1,2885,22528,0,0.1685183048248291,-0.00020193897653371097,0.1,0.0,-1.5982470750808715,0.00010184114,-7.414017096236348,0.05688265711069107,50,0.0001,0.4689979121088982
2,833,24576,4,0.02018493413925171,-0.0006193647044710815,0.1,0.0,-1.6006433963775635,0.00027330132,-9.476738719418645,0.7214367985725403,55,0.0001266666666666667,3.6442876935005186
3,675,26624,9,0.01332700252532959,-0.0001814980641938746,0.1,0.0,-1.6026271820068358,8.41211e-05,-11.470046234801412,0.6665809154510498,60,0.00012,3.34529595375061
4,609,28672,13,0.0033025741577148438,-0.0006233289721421897,0.1,0.0,-1.6043099284172058,0.00018829844,-13.517957240566611,0.7783809900283813,65,0.00011333333333333334,3.54326673746109
5,583,30720,17,0.001840829849243164,-0.0001624025171622634,0.1,0.0,-1.6059743106365203,7.906524e-05,-13.749229441583157,0.7867790460586548,70,0.00010666666666666667,3.5202856421470643
1,2676,32768,0,0.0029233694076538086,-1.411261036992073e-05,0.1,0.0,-1.6061152696609498,1.2979581e-05,-13.717229457497597,0.6618962287902832,75,0.0001,3.0034777760505675
2,826,34816,4,0.0010232329368591309,-0.0003190636169165373,0.1,0.0,-1.6065541982650757,5.869838e-05,-16.561512780636548,3.0828025341033936,80,0.00012,12.821713209152222
3,667,36864,9,0.0009866952896118164,-9.075012058019638e-05,0.1,0.0,-1.6071359455585479,2.7842325e-05,-19.06690937548876,2.7082366943359375,85,0.000115,11.301286458969116
4,612,38912,13,0.0007435083389282227,-0.00013430331600829958,0.1,0.0,-1.6072442173957824,2.6355236e-05,-21.62321593940258,2.652635335922241,90,0.00011,10.90006890296936
5,578,40960,17,0.0005974769592285156,-8.886591531336308e-05,0.1,0.0,-1.6073431015014648,1.8544728e-05,-21.795442909300327,2.571192979812622,95,0.000105,11.216759634017944
1,2608,43008,0,0.0004888772964477539,-1.7821358051151036e-05,0.1,0.0,-1.6073157370090485,5.275273e-06,-21.65567478001118,2.4791955947875977,100,0.0001,10.281040525436401
2,832,45056,4,0.0003122091293334961,-4.9661239609122275e-05,0.1,0.0,-1.6072279512882233,3.9487495e-06,-25.421535209715366,7.836942195892334,105,0.000116,32.43942661285401
3,676,47104,9,0.00022971630096435547,-1.9236677326261996e-05,0.1,0.0,-1.6071882367134094,2.2724853e-06,-29.02613710463047,7.549758434295654,110,0.00011200000000000001,30.376959323883057
4,617,49152,13,0.00019234418869018555,-0.0001110305660404265,0.1,0.0,-1.6071348905563354,2.6040681e-05,-32.70526508688927,7.444551944732666,115,0.000108,30.92733907699585
5,587,51200,17,0.00015985965728759766,-1.9751430954784155e-05,0.1,0.0,-1.6069158971309663,2.3724278e-06,-33.17640815615654,7.3570122718811035,120,0.00010400000000000001,30.56272897720337
1,2613,53248,0,0.00012600421905517578,-6.342253182083369e-05,0.1,0.0,-1.6067632257938385,6.128801e-06,-32.78102804034948,6.559661865234375,125,0.0001,28.343293380737304
2,808,55296,5,9.912252426147461e-05,-8.311821147799492e-05,0.1,0.0,-1.606493777036667,1.0096817e-05,-38.448939721286294,20.672374725341797,130,0.00011333333333333334,82.22858085632325
3,665,57344,9,6.538629531860352e-05,-4.565867129713297e-05,0.1,0.0,-1.6063283264636994,8.556497e-06,-43.191537506878376,18.342464447021484,135,0.00011,72.02073707580567
4,612,59392,13,5.0961971282958984e-05,-1.0548532009124756e-05,0.1,0.0,-1.6064995408058167,4.652131e-06,-47.87915063470602,17.378467559814453,140,0.00010666666666666667,69.89277954101563
5,583,61440,17,5.6862831115722656e-05,-0.00010942441876977682,0.1,0.0,-1.6065727055072785,1.7234153e-05,-48.16275241136551,19.164758682250977,145,0.00010333333333333334,75.24216918945312
1,2929,63488,0,5.0961971282958984e-05,-2.4551944807171822e-05,0.1,0.0,-1.6066069543361663,4.2455213e-06,-48.30062092483044,17.344316482543945,150,0.0001,74.22392807006835
2,838,65536,4,2.6464462280273438e-05,-5.2792439237236974e-05,0.1,0.0,-1.6066528916358949,4.9360387e-06,-54.33939232826233,36.547882080078125,155,0.00011142857142857143,145.62642364501954
3,674,67584,9,2.485513687133789e-05,-6.0750951524823905e-05,0.1,0.0,-1.6066998958587646,4.729751e-06,-60.33355658352375,38.351463317871094,160,0.00010857142857142858,153.30443420410157
4,610,69632,13,2.664327621459961e-05,-6.715761846862734e-05,0.1,0.0,-1.6065417051315307,1.2720586e-05,-66.65348022043705,38.00305938720703,165,0.00010571428571428572,157.80153045654296
5,583,71680,17,1.990795135498047e-05,-9.494661353528499e-05,0.1,0.0,-1.6064412772655488,8.858973e-06,-68.04751424908638,38.75711441040039,170,0.00010285714285714286,154.597412109375
1,2748,73728,0,1.728534698486328e-05,-8.219827432185412e-05,0.1,0.0,-1.60639790892601,9.987038e-06,-68.03898142695427,38.93648147583008,175,0.0001,154.57142944335936
2,827,75776,4,1.0371208190917969e-05,-0.0001448007533326745,0.1,0.0,-1.6063531994819642,2.011811e-05,-73.6203524839878,63.94656753540039,180,0.00011,256.71205825805663
3,670,77824,9,1.1801719665527344e-05,1.2850342318415642e-05,0.1,0.0,-1.6061639606952667,1.2023374e-06,-80.37185304701329,67.47350311279297,185,0.0001075,274.61826171875
4,614,79872,13,9.119510650634766e-06,-6.354204379022121e-06,0.1,0.0,-1.6061253249645233,1.9437284e-06,-86.78143348932267,68.48377227783203,190,0.000105,276.15800018310546
5,578,81920,17,1.0073184967041016e-05,-1.7957622185349463e-05,0.1,0.0,-1.6061749100685119,1.1147058e-06,-88.95321365714074,70.47876739501953,195,0.00010250000000000001,273.3125289916992
1,3024,83968,0,1.055002212524414e-05,-1.9878242164850234e-05,0.1,0.0,-1.6061737596988679,8.49599e-07,-89.57261697649956,73.21839141845703,200,0.0001,291.48609161376953
2,851,86016,4,6.198883056640625e-06,-2.2266991436481476e-05,0.1,0.0,-1.6061558604240418,5.9520244e-07,-94.48948522090912,91.95220947265625,205,0.00010888888888888889,379.6691040039062
3,687,88064,8,6.139278411865234e-06,-2.822305541485548e-05,0.1,0.0,-1.6060493528842925,1.525128e-06,-99.94710538268089,98.25538635253906,210,0.00010666666666666667,385.998486328125
4,625,90112,13,6.139278411865234e-06,-7.101460359990597e-05,0.1,0.0,-1.6059872925281524,5.586364e-06,-105.02551517009735,101.30715942382812,215,0.00010444444444444444,414.997575378418
5,592,92160,17,7.510185241699219e-06,-1.4196615666151047e-05,0.1,0.0,-1.605947071313858,1.1237862e-06,-107.20913940787315,101.53324890136719,220,0.00010222222222222223,425.4357620239258
1,2855,94208,0,5.602836608886719e-06,-1.95076921954751e-05,0.1,0.0,-1.6059135735034942,1.000124e-06,-107.98611188292503,100.08477020263672,225,0.0001,422.1755630493164
2,816,96256,5,5.304813385009766e-06,-0.0002646871842443943,0.1,0.0,-1.6058978855609893,3.9188628e-05,-110.0752650487423,117.56300354003906,230,0.000108,468.4927612304688
3,669,98304,9,4.172325134277344e-06,1.7962569836527108e-05,0.1,0.0,-1.6059091150760652,7.1066024e-06,-111.64875785827637,110.80316162109375,235,0.00010600000000000002,454.9660934448242
4,616,100352,13,3.635883331298828e-06,-8.480018004775047e-05,0.1,0.0,-1.60593324303627,1.4440302e-05,-113.25037707448006,114.90472412109375,240,0.00010400000000000001,452.40655212402345
5,584,102400,17,3.159046173095703e-06,-8.322129724547267e-05,0.1,0.0,-1.6059346616268158,2.244307e-05,-112.42329949140549,107.70911407470703,245,0.00010200000000000001,435.75579223632815
1,2787,104448,0,4.470348358154297e-06,-7.514110766351222e-05,0.1,0.0,-1.605863493680954,9.537704e-06,-113.83116555452347,120.39619445800781,250,0.0001,499.30399017333986
2,825,106496,4,3.159046173095703e-06,-2.3666210472583772e-05,0.1,0.0,-1.6059509992599488,5.461916e-06,-113.77976186275482,112.59370422363281,255,0.00010727272727272728,457.9392379760742
3,656,108544,9,2.9206275939941406e-06,-9.392374195158482e-05,0.1,0.0,-1.605971884727478,1.1307828e-05,-114.66497698426247,121.1542739868164,260,0.00010545454545454546,466.48954315185546
4,602,110592,13,2.9802322387695312e-06,3.552180714905262e-06,0.1,0.0,-1.6059390664100648,1.1704979e-06,-113.83423877716065,116.79727172851562,265,0.00010363636363636364,469.7289352416992
5,574,112640,17,2.682209014892578e-06,-6.711529567837715e-06,0.1,0.0,-1.6059303522109984,9.087671e-07,-114.22293628811836,115.96064758300781,270,0.00010181818181818183,469.83118743896483
1,2803,114688,0,3.7550926208496094e-06,-2.2691418416798113e-05,0.1,0.0,-1.6059363424777984,2.3569737e-06,-113.51915933609008,112.50801086425781,275,0.0001,446.8248229980469
2,835,116736,4,2.682209014892578e-06,-0.00015117271104827523,0.1,0.0,-1.6058389604091645,3.6012236e-05,-110.63816560506821,98.98800659179688,280,0.00010666666666666667,391.68980407714844
3,671,118784,9,3.933906555175781e-06,-0.0001522719976492226,0.1,0.0,-1.6056181728839873,5.078857e-05,-108.36785897970199,98.8562240600586,285,0.000105,405.0906097412109
4,618,120832,13,2.205371856689453e-06,-7.415912114083767e-05,0.1,0.0,-1.6054093420505524,2.1088112e-05,-106.38490722298621,95.8316650390625,290,0.00010333333333333334,396.2103775024414
5,586,122880,17,2.205371856689453e-06,-0.00022785747423768044,0.1,0.0,-1.605155634880066,3.7383434e-05,-106.44141662240028,99.48484802246094,295,0.00010166666666666668,401.6411499023437
1,2639,124928,0,1.4901161193847656e-06,-6.061412859708071e-05,0.1,0.0,-1.6043793261051178,1.2338365e-05,-105.87523458480835,95.27549743652344,300,0.0001,382.47025299072266
2,830,126976,4,1.9669532775878906e-06,-1.918249763548374e-05,0.1,0.0,-1.6044528901576995,3.7446152e-06,-103.40967094659806,86.9135513305664,305,0.00010615384615384615,343.63977203369143
3,673,129024,9,1.5497207641601562e-06,-3.130603581666946e-05,0.1,0.0,-1.604319339990616,3.3096876e-06,-101.08040400028229,87.64076232910156,310,0.00010461538461538461,337.82848052978517
4,614,131072,13,2.205371856689453e-06,-2.3812794825062156e-05,0.1,0.0,-1.6045027077198029,4.235015e-06,-99.43734582424163,87.7504653930664,315,0.00010307692307692309,346.5923538208008
5,584,133120,17,1.4901161193847656e-06,-9.936519199982286e-06,0.1,0.0,-1.6042926073074342,2.3070897e-06,-98.73738401651383,84.66353607177734,320,0.00010153846153846153,334.0644195556641
1,2871,135168,0,1.4901161193847656e-06,-0.00011744596995413303,0.1,0.0,-1.6045264422893524,3.0964526e-05,-98.9026622223854,82.23780059814453,325,0.0001,337.1121597290039
2,823,137216,4,1.3113021850585938e-06,-0.00019587224815040827,0.1,0.0,-1.6049645304679871,9.68106e-05,-96.76240638017654,74.49945068359375,330,0.00010571428571428572,297.76931915283205
3,673,139264,9,1.3709068298339844e-06,-0.0009516355814412237,0.1,0.0,-1.6054029703140258,0.00045626215,-94.86130164980888,76.38311767578125,335,0.00010428571428571428,295.7033447265625
4,616,141312,13,1.3113021850585938e-06,1.1521379929035901e-05,0.1,0.0,-1.6055452287197114,5.309895e-05,-93.18241409778595,73.70365142822266,340,0.00010285714285714286,295.32527313232424
5,586,143360,17,1.1324882507324219e-06,-1.9122334197163583e-05,0.1,0.0,-1.6055906116962433,3.990921e-06,-92.69916124939918,71.28003692626953,345,0.00010142857142857143,292.0937225341797
1,2888,145408,0,2.1457672119140625e-06,-4.4757872819900514e-05,0.1,0.0,-1.6055737912654877,1.7186947e-05,-92.71975303411483,75.1474380493164,350,0.0001,295.4222183227539
2,843,147456,4,1.0728836059570312e-06,-4.677264951169491e-05,0.1,0.0,-1.6055839836597443,7.368624e-06,-91.8304491341114,68.68173217773438,355,0.00010533333333333334,277.6302551269531
3,671,149504,9,1.0728836059570312e-06,-1.4466838911175728e-05,0.1,0.0,-1.6057568728923797,1.547538e-06,-91.14040333032608,68.84969329833984,360,0.00010400000000000001,277.605696105957
4,618,151552,13,1.430511474609375e-06,-1.5970063395798205e-05,0.1,0.0,-1.6057094275951385,5.5697164e-06,-90.16576160073281,68.69686126708984,365,0.00010266666666666666,276.36731719970703
5,589,153600,17,7.748603820800781e-07,-2.1629035472869874e-06,0.1,0.0,-1.6057815670967102,2.1256565e-06,-90.0405084335804,69.27702331542969,370,0.00010133333333333333,276.06432342529297
1,2562,155648,0,8.344650268554688e-07,-2.105768071487546e-05,0.1,0.0,-1.605762356519699,4.4993067e-06,-90.0079538011551,67.56842041015625,375,0.0001,275.16576385498047
2,810,157696,5,1.5497207641601562e-06,-0.00011152717052027583,0.1,0.0,-1.6056553781032563,4.7112466e-05,-90.1337520802021,68.80338287353516,380,0.000105,281.12130584716795
3,673,159744,9,7.152557373046875e-07,-0.00031687852460891006,0.1,0.0,-1.605691170692444,8.0848375e-05,-90.29272756338119,69.81830596923828,385,0.00010375,281.92698669433594
4,610,161792,13,4.172325134277344e-07,-0.00017832268495112657,0.1,0.0,-1.6056296229362488,0.0001010072,-90.47785692214966,68.92652130126953,390,0.00010250000000000001,282.3897216796875
5,585,163840,17,1.3113021850585938e-06,-3.4420983865857124e-05,0.1,0.0,-1.605328196287155,1.2107717e-05,-90.51143077015877,70.77565002441406,395,0.00010125,279.2906066894531
1,2953,165888,0,1.0132789611816406e-06,-5.662166513502598e-05,0.1,0.0,-1.6052727162837983,9.475712e-06,-90.35900505661965,67.91447448730469,400,0.0001,278.076481628418
2,846,167936,4,4.172325134277344e-07,-3.5391864366829394e-05,0.1,0.0,-1.605467039346695,5.76023e-06,-91.58760090827941,79.48584747314453,405,0.00010470588235294118,312.6621948242188
3,681,169984,9,4.172325134277344e-07,-0.00019688163883984088,0.1,0.0,-1.6056715846061707,4.921877e-05,-92.93565221786498,79.90021514892578,410,0.00010352941176470589,313.53809356689453
4,617,172032,13,5.960464477539062e-07,-0.00011283408384770155,0.1,0.0,-1.6057375431060792,4.551749e-05,-94.04744424819947,77.74242401123047,415,0.00010235294117647059,307.2479553222656
5,587,174080,17,4.172325134277344e-07,-0.0001710659358650446,0.1,0.0,-1.6058089196681977,4.724873e-05,-94.18476589560508,75.9501953125,420,0.0001011764705882353,308.3815719604492
1,2368,176128,0,4.172325134277344e-07,-6.677522324025631e-05,0.1,0.0,-1.6057371079921723,2.789902e-05,-93.90884292006493,74.67377471923828,425,0.0001,306.735774230957
2,814,178176,5,4.76837158203125e-07,-6.854869425296784e-05,0.1,0.0,-1.6056082606315614,3.6950514e-06,-95.95591988801957,87.90090942382812,430,0.00010444444444444444,357.194189453125
3,670,180224,9,2.384185791015625e-07,-0.00021794976200908422,0.1,0.0,-1.6056109488010406,3.9507693e-05,-97.77534690499306,89.01956176757812,435,0.00010333333333333334,354.145246887207
4,619,182272,13,4.76837158203125e-07,-5.0369696691632274e-05,0.1,0.0,-1.6057983815670014,6.128481e-06,-99.58490470051765,86.40523529052734,440,0.00010222222222222223,351.9319793701172
5,589,184320,17,1.1920928955078125e-07,-0.00016005565994419156,0.1,0.0,-1.6059574782848358,4.2896485e-05,-100.11512713551521,91.27700805664062,445,0.00010111111111111112,368.98646545410156
1,2788,186368,0,0.0,-0.0001360114780254662,0.1,0.0,-1.605946320295334,4.1159365e-05,-100.6435566163063,89.15486907958984,450,0.0001,363.38887176513674
2,814,188416,5,1.7881393432617188e-07,-7.403258932754397e-05,0.1,0.0,-1.6058495581150054,3.0122581e-05,-102.61253448009491,100.57810974121094,455,0.00010421052631578949,404.6730194091797
3,673,190464,9,4.76837158203125e-07,-0.00015818263636901975,0.1,0.0,-1.6058850407600402,2.7922506e-05,-103.77711539387703,102.39859008789062,460,0.00010315789473684211,403.96434173583987
4,618,192512,13,1.1920928955078125e-07,-2.6021967642009258e-05,0.1,0.0,-1.6061528623104095,4.16307e-06,-105.62699031829834,104.0867691040039,465,0.00010210526315789474,412.09881591796875
5,589,194560,17,4.76837158203125e-07,-3.7973513826727867e-06,0.1,0.0,-1.6062692761421205,1.4008256e-06,-106.26547466993333,102.4048843383789,470,0.00010105263157894738,418.0408508300781
1,2856,196608,0,2.980232238769531e-07,-5.5334623903036116e-05,0.1,0.0,-1.6063868820667266,2.4155015e-06,-106.9318103659153,103.86896514892578,475,0.0001,416.3580078125
2,815,198656,5,1.7881393432617188e-07,-6.427783519029618e-05,0.1,0.0,-1.6065176486968995,3.7652208e-06,-109.43464651703835,120.66117095947266,480,0.00010400000000000001,486.41072540283204
3,658,200704,9,1.7881393432617188e-07,-3.679953515529632e-05,0.1,0.0,-1.606648176908493,4.267611e-06,-111.23859575390816,115.6034927368164,485,0.00010300000000000001,472.5860290527344
4,603,202752,13,5.960464477539063e-08,-4.205573350191116e-05,0.1,0.0,-1.6067233681678772,1.9354047e-06,-113.05383254528046,112.54997253417969,490,0.00010200000000000001,462.7723846435547
5,576,204800,17,0.0,-7.116309134289623e-05,0.1,0.0,-1.6068558871746064,3.6875717e-06,-112.35358898878097,113.1957778930664,495,0.000101,461.49147644042966
1,2658,206848,0,1.7881393432617188e-07,-2.9442482627928257e-05,0.1,0.0,-1.6068752586841584,1.7328421e-06,-112.19044993042945,115.44682312011719,500,0.0001,467.5024642944336
2,829,208896,4,1.7881393432617188e-07,-0.000142269441857934,0.1,0.0,-1.6067389845848083,1.3689103e-05,-112.88729110717773,122.80145263671875,505,0.00010380952380952381,490.71984710693357
3,673,210944,9,1.7881393432617188e-07,-3.757940139621496e-05,0.1,0.0,-1.6065973699092866,2.9462972e-06,-113.44874287128448,122.35257720947266,510,0.00010285714285714286,488.3024871826172
4,616,212992,13,4.172325134277344e-07,-4.583575064316392e-05,0.1,0.0,-1.6067120134830475,1.1771917e-06,-113.49472377657891,116.14147186279297,515,0.00010190476190476192,478.18356170654295
5,581,215040,17,1.7881393432617188e-07,-9.961200412362814e-05,0.1,0.0,-1.60665442943573,8.342176e-06,-113.36471776127816,123.02237701416016,520,0.00010095238095238096,490.47740936279297
1,2545,217088,0,5.960464477539063e-08,-3.16155725158751e-05,0.1,0.0,-1.6065681040287019,5.4172124e-06,-112.6641334104538,114.22015380859375,525,0.0001,459.5551422119141
2,830,219136,4,2.384185791015625e-07,-1.456716563552618e-05,0.1,0.0,-1.6064845621585846,9.278592e-07,-111.47117453575135,112.36689758300781,530,0.00010363636363636364,445.61473388671874
3,673,221184,9,5.960464477539063e-08,-7.274346426129341e-05,0.1,0.0,-1.6064635634422302,6.060407e-06,-111.70821148991585,121.97836303710938,535,0.00010272727272727273,490.10703430175784
4,614,223232,13,5.960464477539063e-08,-9.440056746825575e-05,0.1,0.0,-1.6062546372413635,1.5439233e-05,-110.77770332098007,107.63796997070312,540,0.00010181818181818183,443.1522842407227
5,584,225280,17,0.0,-0.00019266518065705896,0.1,0.0,-1.6057982444763184,2.7560134e-05,-111.24110582351685,112.9810562133789,545,0.0001009090909090909,457.13731536865237
1,2609,227328,0,1.7881393432617188e-07,-0.00021400696132332087,0.1,0.0,-1.6051813960075378,4.0088926e-05,-110.55990386962891,118.91120910644531,550,0.0001,470.2928726196289
2,795,229376,5,5.960464477539063e-08,-2.1784333512187002e-06,0.1,0.0,-1.6048159778118134,1.8011779e-06,-110.71559745907784,112.79177856445312,555,0.00010347826086956522,452.8295181274414
3,660,231424,9,-1.1920928955078125e-07,-7.9572934191674e-05,0.1,0.0,-1.605256015062332,1.1047232e-05,-108.31812605082989,100.6689682006836,560,0.00010260869565217392,406.06348419189453
4,605,233472,13,0.0,-0.00014334858860820532,0.1,0.0,-1.6051075279712677,1.3991492e-05,-107.86510950386524,111.6810531616211,565,0.00010173913043478261,450.4748229980469
5,580,235520,17,-1.1920928955078125e-07,-4.6416721306741235e-05,0.1,0.0,-1.6046899020671845,8.473493e-06,-107.68681641459465,113.79181671142578,570,0.00010086956521739131,453.54315795898435
1,2660,237568,0,0.0,-0.00022159607615321875,0.1,0.0,-1.6048858225345612,1.442575e-05,-108.7416569930315,109.02208709716797,575,0.0001,438.2345886230469
2,811,239616,5,0.0,-8.59803520143032e-05,0.1,0.0,-1.6052735328674317,1.0959164e-05,-107.1456712347269,98.05706787109375,580,0.00010333333333333334,398.4737030029297
3,653,241664,9,1.7881393432617188e-07,-0.0001228312263265252,0.1,0.0,-1.6053870856761931,1.3381912e-05,-103.00102931320667,83.46624755859375,585,0.00010250000000000001,348.0505844116211
4,603,243712,13,5.960464477539063e-08,-7.00563658028841e-05,0.1,0.0,-1.6047498404979705,8.450763e-06,-100.81984499692916,94.33817291259766,590,0.00010166666666666668,391.96817474365236
5,574,245760,17,5.960464477539063e-08,-5.507483147084713e-05,0.1,0.0,-1.60448197722435,3.0971423e-06,-100.43058065772057,97.6990966796875,595,0.00010083333333333334,385.0455017089844
1,2663,247808,0,1.7881393432617188e-07,-9.519363520666957e-05,0.1,0.0,-1.6042469561100006,9.915384e-06,-101.66863023996353,94.64041137695312,600,0.0001,376.9071243286133
2,828,249856,4,5.960464477539063e-08,-9.965947829186917e-05,0.1,0.0,-1.6039032697677613,7.980765e-06,-101.91609817922115,100.20587158203125,605,0.0001032,397.2256134033203
3,673,251904,9,-1.1920928955078125e-07,-8.704601787030697e-05,0.1,0.0,-1.6040280759334564,7.738156e-06,-102.07673496961594,96.49681091308594,610,0.00010240000000000001,388.7363967895508
4,620,253952,13,0.0,-0.0002527351607568562,0.1,0.0,-1.6039774119853973,1.9198429e-05,-102.77637676596642,97.758544921875,615,0.0001016,390.46559143066406
5,585,256000,17,1.7881393432617188e-07,-0.00019412566325627267,0.1,0.0,-1.6035110712051392,2.3636268e-05,-101.62795982182026,90.63904571533203,620,0.00010080000000000001,370.8654098510742
1,2649,258048,0,-1.1920928955078125e-07,-9.227897971868515e-05,0.1,0.0,-1.6029452681541443,1.2985227e-05,-101.46215390682221,91.3682632446289,625,0.0001,377.5173568725586
2,837,260096,4,1.1920928955078125e-07,-0.00021610851399600506,0.1,0.0,-1.6024046301841737,2.0190026e-05,-100.46579779148102,91.528076171875,630,0.00010307692307692309,362.1787338256836
3,681,262144,9,5.960464477539063e-08,-0.00012973872944712638,0.1,0.0,-1.6018241763114929,1.3838522e-05,-100.02917890131474,83.97406768798828,635,0.00010230769230769232,351.75341796875
4,623,264192,13,1.7881393432617188e-07,-0.000116810854524374,0.1,0.0,-1.6014156937599182,1.46828825e-05,-98.74682374179363,90.82698822021484,640,0.00010153846153846153,361.1467651367187
5,589,266240,17,0.0,-7.633374771103263e-05,0.1,0.0,-1.6006890892982484,1.1636788e-05,-98.86249113440513,85.77314758300781,645,0.00010076923076923077,354.55460357666016
1,2087,268288,0,1.7881393432617188e-07,-2.9309082310646773e-05,0.1,0.0,-1.6002932786941528,2.674613e-06,-98.11104702293873,86.15037536621094,650,0.0001,331.354296875
2,803,270336,5,5.960464477539063e-08,-5.295437294989824e-05,0.1,0.0,-1.6002024173736573,4.7231442e-06,-98.65104637384415,90.00896453857422,655,0.00010296296296296297,366.30157165527345
3,671,272384,9,0.0,-4.01471508666873e-05,0.1,0.0,-1.5998351216316222,5.5708806e-06,-99.62483315110207,100.19063568115234,660,0.00010222222222222223,398.3789581298828
4,620,274432,13,2.980232238769531e-07,-7.451538695022464e-05,0.1,0.0,-1.5993386149406432,8.802628e-06,-102.34695186495782,89.47794342041016,665,0.00010148148148148149,365.8110885620117
5,591,276480,17,0.0,-0.0001328704645857215,0.1,0.0,-1.5987387895584106,1.1418277e-05,-100.77529845774174,79.55117797851562,670,0.00010074074074074075,328.10794525146486
1,2539,278528,0,5.960464477539063e-08,8.274381980299949e-06,0.1,0.0,-1.5984975576400757,1.3168319e-06,-100.5680427134037,97.98493957519531,675,0.0001,387.09351043701173
2,825,280576,4,5.960464477539063e-08,-6.673077587038279e-05,0.1,0.0,-1.5985153377056123,4.9674127e-06,-102.3787247878313,103.27619171142578,680,0.00010285714285714286,410.3952331542969
3,664,282624,9,1.7881393432617188e-07,-6.894487887620926e-05,0.1,0.0,-1.5980062246322633,7.687893e-06,-104.49088289499282,90.79426574707031,685,0.00010214285714285715,373.1374313354492
4,610,284672,13,5.960464477539063e-08,-0.00010738755809143185,0.1,0.0,-1.5973260581493378,1.13632705e-05,-105.17059789478779,99.53237915039062,690,0.00010142857142857143,401.3475860595703
5,581,286720,17,0.0,-0.0002774866297841072,0.1,0.0,-1.5963824689388275,3.067864e-05,-104.39870009601117,93.5813217163086,695,0.00010071428571428571,385.81230010986326
1,2483,288768,0,0.0,-6.121315527707338e-05,0.1,0.0,-1.5953959584236146,1.474953e-05,-104.95194727361202,93.77037048339844,700,0.0001,385.4381607055664
2,830,290816,4,0.0,-2.1830847254022955e-05,0.1,0.0,-1.594707190990448,2.8634386e-06,-106.52247930288314,109.81404113769531,705,0.00010275862068965518,430.7621368408203
3,669,292864,9,0.0,-2.285819500684738e-05,0.1,0.0,-1.5948146164417267,3.477442e-06,-108.37259475290776,102.22532653808594,710,0.0001020689655172414,415.24874725341795
4,606,294912,13,1.1920928955078125e-07,-5.043869605287909e-05,0.1,0.0,-1.5951703906059265,7.3933334e-06,-108.1160211020708,96.71125030517578,715,0.00010137931034482759,390.74763641357424
5,581,296960,17,0.0,-1.1314020957797765e-05,0.1,0.0,-1.59538032412529,2.1755986e-06,-106.68075875997543,99.95661163330078,720,0.0001006896551724138,387.3928680419922
1,2571,299008,0,0.0,-0.00010562756797298789,0.1,0.0,-1.5948935627937317,1.4745485e-05,-107.60061751127243,111.13610076904297,725,0.0001,437.0083480834961
2,846,301056,4,1.7881393432617188e-07,-0.0001854837406426668,0.1,0.0,-1.5941353380680083,2.2327062e-05,-109.74531350612641,104.49393463134766,730,0.00010266666666666666,425.60059814453126
3,686,303104,8,0.0,-8.78447201102972e-05,0.1,0.0,-1.5941560506820678,1.0235992e-05,-111.10409194111824,108.81295776367188,735,0.00010200000000000001,425.849267578125
4,628,305152,13,1.7881393432617188e-07,-0.00014145715977065265,0.1,0.0,-1.5952553927898407,1.941956e-05,-110.67078218817711,99.71089172363281,740,0.00010133333333333333,401.00680084228514
5,596,307200,17,3.5762786865234375e-07,-0.00020226275082677603,0.1,0.0,-1.5957873940467835,2.644313e-05,-109.94884657740593,100.03978729248047,745,0.00010066666666666667,411.26175689697266
1,2090,309248,0,0.0,-0.00011310912086628377,0.1,0.0,-1.596157443523407,1.6013742e-05,-109.16348857879639,99.52934265136719,750,0.0001,405.54504241943357
2,799,311296,5,0.0,-0.00016102667432278396,0.1,0.0,-1.5958081483840942,1.7380633e-05,-109.64325127601623,100.83375549316406,755,0.00010258064516129033,392.6064727783203
3,665,313344,9,0.0,-0.0002743932884186506,0.1,0.0,-1.5954614937305451,3.2824493e-05,-109.29811119914055,95.9775390625,760,0.00010193548387096775,386.2444534301758
4,609,315392,13,0.0,-4.9420399591326714e-05,0.1,0.0,-1.5952832281589509,1.40810735e-05,-108.88560735940933,101.7750015258789,765,0.00010129032258064517,410.3285568237305
5,580,317440,17,0.0,-2.5107013061642647e-05,0.1,0.0,-1.595079481601715,3.464549e-06,-108.69411307573318,89.66925811767578,770,0.00010064516129032259,370.9438537597656
1,2518,319488,0,1.7881393432617188e-07,-0.00012846223544329404,0.1,0.0,-1.5954985678195954,1.8131104e-05,-108.51804171800613,94.61767578125,775,0.0001,383.78633575439454
2,794,321536,5,2.384185791015625e-07,-0.00011012720642611384,0.1,0.0,-1.5961165606975556,1.9656349e-05,-107.07557606339455,90.2365951538086,780,0.00010250000000000001,368.2365524291992
3,657,323584,9,2.384185791015625e-07,-2.8325850144028665e-05,0.1,0.0,-1.5972419440746308,1.2816541e-05,-107.58352399230003,92.18340301513672,785,0.00010187500000000001,375.6292388916016
4,606,325632,13,3.5762786865234375e-07,-9.556615259498357e-06,0.1,0.0,-1.5975498616695405,1.842418e-06,-107.1689824783802,92.0215072631836,790,0.00010125,364.4325439453125
5,580,327680,17,2.384185791015625e-07,-0.0002860550885088742,0.1,0.0,-1.596944946050644,4.7734444e-05,-107.10093588829041,93.79293823242188,795,0.000100625,373.0522262573242
1,2681,329728,0,2.384185791015625e-07,-0.00019370699301362037,0.1,0.0,-1.5954986333847045,3.149928e-05,-107.35491260051727,91.59181213378906,800,0.0001,365.95272064208984
2,831,331776,4,0.0,-2.303717192262411e-05,0.1,0.0,-1.595127320289612,7.3617557e-06,-106.71016283154488,88.5810775756836,805,0.00010242424242424243,355.853581237793
3,660,333824,9,1.1920928955078125e-07,-3.533530980348587e-05,0.1,0.0,-1.5954374492168426,4.5155175e-06,-106.86238527297974,90.49822998046875,810,0.00010181818181818183,358.4475952148438
4,608,335872,13,1.1920928955078125e-07,-6.457621930167079e-05,0.1,0.0,-1.5953830003738403,1.0192714e-05,-106.87086535573006,95.8300552368164,815,0.00010121212121212121,371.54896392822263
5,583,337920,17,2.384185791015625e-07,-2.5071692653000356e-05,0.1,0.0,-1.595577335357666,3.3564284e-06,-107.5272556912899,91.2867431640625,820,0.00010060606060606062,364.75886688232424
1,2661,339968,0,1.7881393432617188e-07,-1.551711466163397e-05,0.1,0.0,-1.5954650044441223,2.3905304e-06,-107.21010874986649,85.01427459716797,825,0.0001,350.38765716552734
2,845,342016,4,1.1920928955078125e-07,-8.684867061674595e-05,0.1,0.0,-1.5955052077770233,1.3455981e-05,-106.48956931233405,86.9142074584961,830,0.00010235294117647059,344.52928466796874
3,686,344064,8,0.0,-0.00010692111682146788,0.1,0.0,-1.5948125660419463,1.9627652e-05,-105.76788229107856,87.60917663574219,835,0.00010176470588235295,346.8832061767578
4,616,346112,13,2.384185791015625e-07,-2.9593054205179214e-05,0.1,0.0,-1.5944510996341705,8.390547e-06,-105.34999936819077,83.98980712890625,840,0.0001011764705882353,333.8152908325195
5,589,348160,17,1.7881393432617188e-07,-7.267904002219438e-05,0.1,0.0,-1.595721423625946,4.0460174e-05,-105.32868234872818,82.78594970703125,845,0.00010058823529411765,336.12630157470704
1,2669,350208,0,1.1920928955078125e-07,-0.0002521538408473134,0.1,0.0,-1.5965633869171143,5.1532377e-05,-104.93561410665512,86.54518127441406,850,0.0001,335.4926391601563
2,832,352256,4,0.0,-7.369967643171549e-05,0.1,0.0,-1.5957980096340179,2.6051915e-05,-105.23845007658005,85.2375259399414,855,0.00010228571428571429,337.08314056396483
3,677,354304,9,3.5762786865234375e-07,-0.00037348181940615176,0.1,0.0,-1.5956146597862244,4.9890747e-05,-104.97502833366394,82.54113006591797,860,0.00010171428571428572,326.4512115478516
4,622,356352,13,2.384185791015625e-07,-5.963623989373446e-05,0.1,0.0,-1.5961963355541229,2.5062269e-05,-105.69814909458161,84.3199462890625,865,0.00010114285714285715,349.68421325683596
5,593,358400,17,1.1920928955078125e-07,-0.00012894603423774242,0.1,0.0,-1.5957816123962403,2.647753e-05,-105.69062056303024,84.6139144897461,870,0.00010057142857142857,336.85997619628904
1,2182,360448,0,1.1920928955078125e-07,-6.89830631017685e-07,0.1,0.0,-1.5949874758720397,9.4076095e-06,-105.83417534470559,79.20469665527344,875,0.0001,329.21348571777344
2,818,362496,5,1.7881393432617188e-07,-5.1000900566577914e-05,0.1,0.0,-1.5953005611896516,1.2076751e-05,-105.83130217194557,83.7059097290039,880,0.00010222222222222223,337.31355438232424
3,676,364544,9,2.384185791015625e-07,-0.0004369712434709072,0.1,0.0,-1.5966675341129304,9.2597096e-05,-105.89328979611396,81.78321838378906,885,0.00010166666666666668,336.7382781982422
4,624,366592,13,1.1920928955078125e-07,-7.927442202344537e-05,0.1,0.0,-1.5985910534858703,4.886475e-05,-106.39351084232331,87.75894927978516,890,0.00010111111111111112,338.8279693603516
5,595,368640,17,1.7881393432617188e-07,-0.00010277321562170982,0.1,0.0,-1.5983664572238923,3.5321515e-05,-106.79629414200782,85.4227523803711,895,0.00010055555555555555,343.76190490722655
1,2533,370688,0,2.384185791015625e-07,-0.0002972744172438979,0.1,0.0,-1.5967565894126892,5.0189497e-05,-107.2458144569397,85.50508880615234,900,0.0001,344.2489501953125
2,790,372736,5,1.7881393432617188e-07,-0.0001719159190542996,0.1,0.0,-1.5962154388427734,3.7663878e-05,-107.41326232671737,82.86808776855469,905,0.00010216216216216217,338.19170532226565
3,661,374784,9,0.0,-0.00014903885312378407,0.1,0.0,-1.5972933411598205,3.2197364e-05,-107.72312876343727,86.10395812988281,910,0.00010162162162162162,346.97069549560547
4,609,376832,13,1.1920928955078125e-07,-5.3891213610768315e-06,0.1,0.0,-1.598412948846817,1.3177691e-05,-107.89582884788513,87.12448120117188,915,0.00010108108108108109,345.26500701904297
5,584,378880,17,1.1920928955078125e-07,-0.00014822252560406924,0.1,0.0,-1.5985399305820465,1.7600483e-05,-108.13808496952056,84.98187255859375,920,0.00010054054054054053,342.561540222168
1,2588,380928,0,1.1920928955078125e-07,-0.00022862398764118553,0.1,0.0,-1.5978228986263274,3.7832768e-05,-108.01974243164062,85.0142593383789,925,0.0001,341.0778472900391
2,827,382976,4,1.1920928955078125e-07,-6.450219079852104e-05,0.1,0.0,-1.5971228361129761,1.6561797e-05,-108.03312901973725,83.39442443847656,930,0.00010210526315789474,344.5032028198242
3,676,385024,9,0.0,-0.0003479951061308384,0.1,0.0,-1.5965107202529907,5.8885606e-05,-108.17567638993263,84.51251220703125,935,0.00010157894736842107,343.881640625
4,608,387072,13,0.0,5.882582627236843e-06,0.1,0.0,-1.5957074463367462,1.2243894e-05,-108.46358102321625,85.71475219726562,940,0.00010105263157894738,345.3985961914062
5,579,389120,17,0.0,-5.640089511871338e-06,0.1,0.0,-1.595395827293396,2.1093e-06,-108.68778277516365,82.56632995605469,945,0.00010052631578947369,344.9463180541992
1,2458,391168,0,1.1920928955078125e-07,-0.00022890258114784955,0.1,0.0,-1.594896274805069,3.653296e-05,-108.48202215313911,83.8243408203125,950,0.0001,338.2160888671875
2,835,393216,4,0.0,-9.952348191291093e-05,0.1,0.0,-1.5938417792320252,2.286164e-05,-108.26104952573776,82.14279174804688,955,0.00010205128205128206,337.9695388793945
3,681,395264,9,1.1920928955078125e-07,-9.779250249266624e-05,0.1,0.0,-1.5944458842277527,3.0068302e-05,-107.99225180625916,83.20708465576172,960,0.00010153846153846153,335.5591567993164
4,627,397312,13,1.1920928955078125e-07,-0.00024935253895819187,0.1,0.0,-1.5958566963672638,5.468508e-05,-108.05626129031181,83.88249206542969,965,0.00010102564102564103,336.48536987304686
5,591,399360,17,5.960464477539063e-08,-0.00070816520601511,0.1,0.0,-1.597026962041855,0.00014543592,-107.91948791265487,82.4206771850586,970,0.00010051282051282052,332.8933837890625
1,2783,401408,0,0.0,4.586478462442756e-05,0.1,0.0,-1.5976401090621948,2.4232315e-05,-107.87492479920387,82.90294647216797,975,0.0001,333.3972854614258
2,850,403456,4,5.960464477539063e-08,-6.295132916420699e-05,0.1,0.0,-1.5973345041275024,1.5947648e-05,-107.43523594856262,79.84429168701172,980,0.00010200000000000001,322.6449005126953
3,695,405504,8,5.960464477539063e-08,-0.0002880337415263057,0.1,0.0,-1.5969271183013916,4.7090085e-05,-106.89869042754174,79.50037384033203,985,0.0001015,319.80139923095703
4,634,407552,12,0.0,-0.00018030400387942792,0.1,0.0,-1.5968058466911317,5.9435755e-05,-106.45791879534721,78.5711441040039,990,0.000101,316.977278137207
5,605,409600,16,5.960464477539063e-08,-0.00031946308445185423,0.1,0.0,-1.597280615568161,7.146358e-05,-106.45334560394286,81.09089660644531,995,0.0001005,323.9611022949219
1,2565,411648,0,0.0,-9.261873783543706e-05,0.1,0.0,-1.5975459039211273,2.2196647e-05,-106.56973256230354,78.51922607421875,1000,0.0001,320.38489532470703
2,814,413696,5,1.1920928955078125e-07,-0.00010351077653467656,0.1,0.0,-1.597515767812729,3.894273e-05,-106.27529520273208,77.82624816894531,1005,0.00010195121951219512,309.9636734008789
3,662,415744,9,1.1920928955078125e-07,-0.0001022893120534718,0.1,0.0,-1.597899502515793,2.8477545e-05,-105.7263449883461,76.64341735839844,1010,0.00010146341463414635,309.8292724609375
4,613,417792,13,2.980232238769531e-07,-0.0003806528868153691,0.1,0.0,-1.597824102640152,7.038782e-05,-105.32700335621834,75.49408721923828,1015,0.00010097560975609757,308.28267059326174
5,587,419840,17,0.0,-0.00011036219075322151,0.1,0.0,-1.5985020518302917,4.336139e-05,-105.02427862763405,74.79009246826172,1020,0.00010048780487804879,302.51561279296874
1,2774,421888,0,0.0,-0.00033107184572145343,0.1,0.0,-1.5992715537548066,9.0264744e-05,-104.94145399689674,73.56150817871094,1025,0.0001,303.1983383178711
2,863,423936,4,5.960464477539063e-08,-0.00011817635968327522,0.1,0.0,-1.6005579352378845,3.8058788e-05,-104.65238990545272,73.4479751586914,1030,0.00010190476190476192,303.93343353271484
3,694,425984,8,1.7881393432617188e-07,-0.0004807554476428777,0.1,0.0,-1.5998392045497893,0.00012709084,-104.61545921325684,73.9852523803711,1035,0.00010142857142857143,302.09943237304685
4,622,428032,13,0.0,-3.0790094751864674e-05,0.1,0.0,-1.5987474203109742,3.2623182e-05,-104.61592586636543,75.0472640991211,1040,0.00010095238095238096,304.7962280273438
5,595,430080,17,0.0,-0.00012128758244216442,0.1,0.0,-1.5984025597572327,2.6880269e-05,-104.60713732719421,75.345703125,1045,0.00010047619047619048,299.79779357910155
1,2687,432128,0,0.0,-3.101779147982597e-05,0.1,0.0,-1.5979466915130616,1.2469303e-05,-104.41432197928428,70.48065185546875,1050,0.0001,295.0385177612305
2,826,434176,4,0.0,-0.0001123432070016861,0.1,0.0,-1.597676146030426,2.3912638e-05,-103.60628766894341,72.33667755126953,1055,0.00010186046511627909,287.74768218994143
3,672,436224,9,1.1920928955078125e-07,-0.00039354433538392187,0.1,0.0,-1.5984506487846375,0.00011045797,-103.21337192296981,71.39315795898438,1060,0.00010139534883720931,290.2343048095703
4,618,438272,13,1.7881393432617188e-07,-0.0002822315553203225,0.1,0.0,-1.598839008808136,9.395159e-05,-102.90551595211029,69.1761703491211,1065,0.00010093023255813953,286.0869171142578
5,589,440320,17,0.0,-9.17310593649745e-05,0.1,0.0,-1.5992199718952178,2.1120562e-05,-102.87673018157483,68.9946517944336,1070,0.00010046511627906977,287.25220184326173
1,2226,442368,0,0.0,-9.505769703537226e-05,0.1,0.0,-1.6001568138599396,4.3724518e-05,-103.39393368899822,74.2576675415039,1075,0.0001,298.8037704467773
2,825,444416,4,5.960464477539063e-08,-6.24816631898284e-05,0.1,0.0,-1.600289124250412,1.4703022e-05,-103.29938458681107,71.31074523925781,1080,0.00010181818181818183,285.14161224365233
3,678,446464,9,0.0,-0.0001271948218345642,0.1,0.0,-1.5991395950317382,4.908553e-05,-103.44673448383809,73.00848388671875,1085,0.00010136363636363637,290.9939270019531
4,622,448512,13,0.0,-0.00030668876133859156,0.1,0.0,-1.598784613609314,8.75089e-05,-103.0373999351263,70.59713745117188,1090,0.0001009090909090909,286.7797058105469
5,596,450560,17,-1.1920928955078125e-07,-0.00019887728267349304,0.1,0.0,-1.5992107629776,7.5047516e-05,-103.00178096473218,72.4806137084961,1095,0.00010045454545454546,284.9776245117188
1,2795,452608,0,0.0,-0.0002293146913871169,0.1,0.0,-1.5987578690052033,8.3701685e-05,-103.44338195383548,75.18695831298828,1100,0.0001,297.97301330566404
2,806,454656,5,0.0,-0.0002947524015326053,0.1,0.0,-1.599551945924759,0.00011431967,-104.30668685257434,75.171630859375,1105,0.00010177777777777778,306.45055236816404
3,674,456704,9,0.0,-0.0002006009337492287,0.1,0.0,-1.6004501342773438,6.916511e-05,-105.01096477389336,73.72833251953125,1110,0.00010133333333333333,300.92548828125
4,618,458752,13,0.0,-0.00023651066585443913,0.1,0.0,-1.6003398239612578,7.0521404e-05,-104.9776825672388,72.5062026977539,1115,0.00010088888888888889,296.7318969726563
5,591,460800,17,0.0,3.928027581423521e-06,0.1,0.0,-1.600432139635086,2.1086773e-05,-104.95908685147762,75.85368347167969,1120,0.00010044444444444445,302.10357666015625
1,2541,462848,0,0.0,-6.641189102083445e-05,0.1,0.0,-1.600236052274704,1.7097365e-05,-104.85980430066586,75.08092498779297,1125,0.0001,296.91749877929686
2,845,464896,4,0.0,-9.138456080108881e-05,0.1,0.0,-1.5999267995357513,2.8241047e-05,-104.78582870960236,72.30950927734375,1130,0.00010173913043478261,294.1971832275391
3,676,466944,9,0.0,-5.283334758132696e-05,0.1,0.0,-1.599807995557785,2.8941839e-05,-104.61673943281174,74.1190414428711,1135,0.00010130434782608696,297.82428588867185
4,621,468992,13,0.0,-0.00038838861510157583,0.1,0.0,-1.599101483821869,9.535262e-05,-104.74368736922742,76.68019104003906,1140,0.00010086956521739131,299.8326049804688
5,595,471040,17,0.0,-0.0001005974132567644,0.1,0.0,-1.5972943663597108,4.6368426e-05,-104.52732507050037,68.62539672851562,1145,0.00010043478260869566,291.57251129150393
1,2603,473088,0,0.0,-5.8808247558772566e-06,0.1,0.0,-1.5960036754608153,3.54801e-05,-104.49115857303143,73.33363342285156,1150,0.0001,299.20870208740234
2,838,475136,4,0.0,-0.00015110867097973825,0.1,0.0,-1.5955202877521515,5.4679113e-05,-104.62525867521762,78.04678344726562,1155,0.00010170212765957448,307.61625518798826
3,687,477184,8,0.0,-0.00029087336733937266,0.1,0.0,-1.5966574430465699,0.00011519599,-104.77936401605606,76.55938720703125,1160,0.00010127659574468085,303.7949951171875
4,622,479232,13,5.960464477539063e-08,-8.944880682975054e-05,0.1,0.0,-1.5975764274597168,4.114263e-05,-105.57614805817605,74.89629364013672,1165,0.00010085106382978724,313.2629730224609
5,593,481280,17,0.0,-6.531842518597841e-05,0.1,0.0,-1.598772007226944,3.9338716e-05,-105.30543266236782,72.26875305175781,1170,0.00010042553191489362,299.27954559326173
1,2787,483328,0,0.0,-0.0005642118863761425,0.1,0.0,-1.597580188512802,0.00016959349,-106.11396171331405,77.93984985351562,1175,0.0001,322.6497436523438
2,848,485376,4,0.0,-0.0003872716682963073,0.1,0.0,-1.594429624080658,0.00018494623,-105.96635076463222,75.31879425048828,1180,0.00010166666666666668,306.9344055175781
3,681,487424,9,0.0,4.670163616538048e-06,0.1,0.0,-1.5925367176532745,1.6903767e-05,-106.54735042273998,80.02731323242188,1185,0.00010125,317.2542221069336
4,624,489472,13,5.960464477539063e-08,-0.00035815570736303927,0.1,0.0,-1.5921204388141632,7.9755264e-05,-105.40824647128582,73.27860260009766,1190,0.00010083333333333334,300.56897125244143
5,592,491520,17,1.1920928955078125e-07,-0.0006010962184518576,0.1,0.0,-1.5893589854240417,0.00020217765,-105.47888066709042,73.14244842529297,1195,0.00010041666666666666,300.7542663574219
1,2292,493568,0,0.0,4.693616647273302e-05,0.1,0.0,-1.5867769956588744,3.3519085e-05,-103.95394364655017,70.66453552246094,1200,0.0001,286.38907318115236
2,808,495616,5,0.0,-0.00022440617904067038,0.1,0.0,-1.5851857542991639,6.19583e-05,-104.16569615215063,76.85896301269531,1205,0.00010163265306122449,306.87794342041013
3,672,497664,9,0.0,-0.0007472447352483869,0.1,0.0,-1.5808342814445495,0.00025035368,-103.3563383576274,71.16142272949219,1210,0.00010122448979591837,289.91412048339845
4,620,499712,13,0.0,-0.0003691826481372118,0.1,0.0,-1.5754512012004853,0.00017093692,-102.58625252693892,68.99603271484375,1215,0.00010081632653061225,282.03621368408204
5,593,501760,17,0.0,-0.00032512606121599675,0.1,0.0,-1.5718779623508454,0.00016815952,-102.77720240861177,75.25743865966797,1220,0.00010040816326530613,303.6170883178711
1,2659,503808,0,0.0,-0.0005433433456346392,0.1,0.0,-1.566818082332611,0.0002453398,-102.34843349397183,68.73159790039062,1225,0.0001,282.7950958251953
2,832,505856,4,0.0,-0.0005977761349640787,0.1,0.0,-1.5588657915592194,0.00030419452,-102.3666642600298,70.92254638671875,1230,0.0001016,288.38270874023436
3,686,507904,8,-1.1920928955078125e-07,-0.0004435244714841247,0.1,0.0,-1.5531421601772308,0.00021721926,-101.66027851253747,70.73624420166016,1235,0.00010120000000000001,280.00731353759767
4,627,509952,13,0.0,-0.0002578828600235283,0.1,0.0,-1.5504068613052369,0.00010154984,-102.00314725130796,75.33657836914062,1240,0.00010080000000000001,301.9605743408203
5,598,512000,17,0.0,-0.0004244747455231845,0.1,0.0,-1.550899213552475,0.00023970948,-101.41628385156393,68.59684753417969,1245,0.0001004,273.6083297729492
