raw/disc/global_step,raw/disc/disc_proportion_expert_pred,raw/disc/disc_loss,raw/disc/disc_acc_expert,raw/disc/disc_entropy,raw/disc/disc_proportion_expert_true,raw/disc/disc_acc_gen,raw/disc/n_generated,raw/disc/n_expert,raw/disc/disc_acc
1,1.0,0.2579571008682251,1.0,0.44954729080200195,0.5,0.0,128.0,128.0,0.5
1,1.0,0.22660985589027405,1.0,0.5304386615753174,0.5,0.0,128.0,128.0,0.5
1,0.7578125,0.2041534185409546,0.6640625,0.6347537040710449,0.5,0.1484375,128.0,128.0,0.40625
2,0.0,0.20474721491336823,0.0,0.6034880876541138,0.5,1.0,128.0,128.0,0.5
2,0.375,0.17526918649673462,0.4453125,0.680470883846283,0.5,0.6953125,128.0,128.0,0.5703125
2,1.0,0.17538553476333618,1.0,0.6699391007423401,0.5,0.0,128.0,128.0,0.5
3,1.0,0.1764451116323471,1.0,0.6488462686538696,0.5,0.0,128.0,128.0,0.5
3,1.0,0.16845913231372833,1.0,0.665067195892334,0.5,0.0,128.0,128.0,0.5
3,0.4296875,0.16394910216331482,0.5078125,0.6858245134353638,0.5,0.6484375,128.0,128.0,0.578125
4,0.13671875,0.1649348884820938,0.2265625,0.6594333648681641,0.5,0.953125,128.0,128.0,0.58984375
4,0.20703125,0.16312293708324432,0.359375,0.6482890844345093,0.5,0.9453125,128.0,128.0,0.65234375
4,0.46484375,0.15801212191581726,0.609375,0.6636384129524231,0.5,0.6796875,128.0,128.0,0.64453125
5,0.49609375,0.163504958152771,0.578125,0.6545130610466003,0.5,0.5859375,128.0,128.0,0.58203125
5,0.58984375,0.16073691844940186,0.6015625,0.6477768421173096,0.5,0.421875,128.0,128.0,0.51171875
5,0.41796875,0.16134443879127502,0.4921875,0.6569410562515259,0.5,0.65625,128.0,128.0,0.57421875
6,0.5234375,0.1682547777891159,0.546875,0.6570109128952026,0.5,0.5,128.0,128.0,0.5234375
6,0.453125,0.15802603960037231,0.578125,0.6535695791244507,0.5,0.671875,128.0,128.0,0.625
6,0.39453125,0.16847307980060577,0.4765625,0.6573153734207153,0.5,0.6875,128.0,128.0,0.58203125
7,0.4296875,0.15590938925743103,0.6171875,0.663791298866272,0.5,0.7578125,128.0,128.0,0.6875
7,0.37890625,0.16273394227027893,0.484375,0.6732515096664429,0.5,0.7265625,128.0,128.0,0.60546875
7,0.51953125,0.15947774052619934,0.53125,0.677544891834259,0.5,0.4921875,128.0,128.0,0.51171875
8,0.734375,0.15406395494937897,1.0,0.6768581867218018,0.5,0.53125,128.0,128.0,0.765625
8,0.796875,0.1577790379524231,0.9765625,0.6780403852462769,0.5,0.3828125,128.0,128.0,0.6796875
8,0.4453125,0.1569841504096985,0.5,0.6825265288352966,0.5,0.609375,128.0,128.0,0.5546875
9,0.2890625,0.15773247182369232,0.4453125,0.6817428469657898,0.5,0.8671875,128.0,128.0,0.65625
9,0.24609375,0.1569165140390396,0.4296875,0.6786758303642273,0.5,0.9375,128.0,128.0,0.68359375
9,0.34765625,0.15685182809829712,0.5234375,0.6789295673370361,0.5,0.828125,128.0,128.0,0.67578125
10,0.38671875,0.15884900093078613,0.5,0.6781591773033142,0.5,0.7265625,128.0,128.0,0.61328125
10,0.3984375,0.15497377514839172,0.53125,0.6720958948135376,0.5,0.734375,128.0,128.0,0.6328125
10,0.375,0.15691478550434113,0.4921875,0.668121874332428,0.5,0.7421875,128.0,128.0,0.6171875
11,0.35546875,0.15095023810863495,0.5234375,0.6565507054328918,0.5,0.8125,128.0,128.0,0.66796875
11,0.34765625,0.15255571901798248,0.515625,0.6517002582550049,0.5,0.8203125,128.0,128.0,0.66796875
11,0.375,0.14143626391887665,0.6015625,0.6360161304473877,0.5,0.8515625,128.0,128.0,0.7265625
12,0.3828125,0.15095838904380798,0.5390625,0.6382195949554443,0.5,0.7734375,128.0,128.0,0.65625
12,0.35546875,0.1447102129459381,0.5546875,0.6387041807174683,0.5,0.84375,128.0,128.0,0.69921875
12,0.3359375,0.15708708763122559,0.453125,0.6430231332778931,0.5,0.78125,128.0,128.0,0.6171875
13,0.2890625,0.14811228215694427,0.453125,0.6474472880363464,0.5,0.875,128.0,128.0,0.6640625
13,0.2578125,0.15289026498794556,0.3828125,0.6449248790740967,0.5,0.8671875,128.0,128.0,0.625
13,0.3359375,0.15185987949371338,0.4921875,0.6321831345558167,0.5,0.8203125,128.0,128.0,0.65625
14,0.2890625,0.149034321308136,0.453125,0.6229504942893982,0.5,0.875,128.0,128.0,0.6640625
14,0.27734375,0.1483597457408905,0.4453125,0.6086137890815735,0.5,0.890625,128.0,128.0,0.66796875
14,0.375,0.13921791315078735,0.5859375,0.5934019684791565,0.5,0.8359375,128.0,128.0,0.7109375
15,0.3203125,0.15069890022277832,0.4765625,0.6090678572654724,0.5,0.8359375,128.0,128.0,0.65625
15,0.34765625,0.15955376625061035,0.4609375,0.6070142984390259,0.5,0.765625,128.0,128.0,0.61328125
15,0.29296875,0.15204477310180664,0.4296875,0.5942806601524353,0.5,0.84375,128.0,128.0,0.63671875
16,0.3125,0.15127193927764893,0.4765625,0.5982241034507751,0.5,0.8515625,128.0,128.0,0.6640625
16,0.328125,0.15355707705020905,0.4609375,0.6137642860412598,0.5,0.8046875,128.0,128.0,0.6328125
16,0.30859375,0.1445215344429016,0.5,0.631432294845581,0.5,0.8828125,128.0,128.0,0.69140625
17,0.2890625,0.15091606974601746,0.453125,0.6410476565361023,0.5,0.875,128.0,128.0,0.6640625
17,0.27734375,0.14527767896652222,0.453125,0.6356290578842163,0.5,0.8984375,128.0,128.0,0.67578125
17,0.3046875,0.16242992877960205,0.3984375,0.6327204704284668,0.5,0.7890625,128.0,128.0,0.59375
18,0.375,0.15215204656124115,0.53125,0.6171037554740906,0.5,0.78125,128.0,128.0,0.65625
18,0.359375,0.14663642644882202,0.5390625,0.6206732392311096,0.5,0.8203125,128.0,128.0,0.6796875
18,0.3984375,0.14240390062332153,0.5859375,0.6124981641769409,0.5,0.7890625,128.0,128.0,0.6875
19,0.33203125,0.14914575219154358,0.5078125,0.6297489404678345,0.5,0.84375,128.0,128.0,0.67578125
19,0.296875,0.15340322256088257,0.4296875,0.6378801465034485,0.5,0.8359375,128.0,128.0,0.6328125
19,0.3359375,0.14700493216514587,0.5234375,0.6347293853759766,0.5,0.8515625,128.0,128.0,0.6875
20,0.34765625,0.15373766422271729,0.4921875,0.6333944797515869,0.5,0.796875,128.0,128.0,0.64453125
20,0.33984375,0.15028099715709686,0.484375,0.6312023997306824,0.5,0.8046875,128.0,128.0,0.64453125
20,0.30078125,0.14650368690490723,0.46875,0.626591682434082,0.5,0.8671875,128.0,128.0,0.66796875
21,0.35546875,0.15999001264572144,0.4921875,0.6291621923446655,0.5,0.78125,128.0,128.0,0.63671875
21,0.39453125,0.14852893352508545,0.578125,0.6291247010231018,0.5,0.7890625,128.0,128.0,0.68359375
21,0.32421875,0.15019738674163818,0.484375,0.6310864686965942,0.5,0.8359375,128.0,128.0,0.66015625
22,0.33203125,0.14477433264255524,0.546875,0.621809184551239,0.5,0.8828125,128.0,128.0,0.71484375
22,0.33203125,0.1490454226732254,0.5234375,0.6204005479812622,0.5,0.859375,128.0,128.0,0.69140625
22,0.3359375,0.15504705905914307,0.515625,0.6236035823822021,0.5,0.84375,128.0,128.0,0.6796875
23,0.375,0.15567933022975922,0.578125,0.6093095541000366,0.5,0.828125,128.0,128.0,0.703125
23,0.30859375,0.16767042875289917,0.4140625,0.6109154224395752,0.5,0.796875,128.0,128.0,0.60546875
23,0.265625,0.1569521427154541,0.4296875,0.6107257008552551,0.5,0.8984375,128.0,128.0,0.6640625
24,0.359375,0.16604246199131012,0.46875,0.6205284595489502,0.5,0.75,128.0,128.0,0.609375
24,0.38671875,0.1604081690311432,0.4765625,0.6364312171936035,0.5,0.703125,128.0,128.0,0.58984375
24,0.39453125,0.15810760855674744,0.453125,0.644632875919342,0.5,0.6640625,128.0,128.0,0.55859375
25,0.26171875,0.167083740234375,0.3984375,0.6193740367889404,0.5,0.875,128.0,128.0,0.63671875
25,0.30078125,0.16829541325569153,0.3984375,0.6219726800918579,0.5,0.796875,128.0,128.0,0.59765625
25,0.40625,0.1700017750263214,0.5078125,0.6150146722793579,0.5,0.6953125,128.0,128.0,0.6015625
26,0.40234375,0.17925989627838135,0.5234375,0.5932197570800781,0.5,0.71875,128.0,128.0,0.62109375
26,0.359375,0.1634649634361267,0.5234375,0.5877633094787598,0.5,0.8046875,128.0,128.0,0.6640625
26,0.3125,0.18394172191619873,0.390625,0.609334409236908,0.5,0.765625,128.0,128.0,0.578125
27,0.49609375,0.1834278702735901,0.515625,0.6039706468582153,0.5,0.5234375,128.0,128.0,0.51953125
27,0.5546875,0.18048225343227386,0.5390625,0.593737006187439,0.5,0.4296875,128.0,128.0,0.484375
27,0.4296875,0.17802794277668,0.421875,0.5911656022071838,0.5,0.5625,128.0,128.0,0.4921875
28,0.29296875,0.17640084028244019,0.3828125,0.5961978435516357,0.5,0.796875,128.0,128.0,0.58984375
28,0.421875,0.17816923558712006,0.421875,0.6098031997680664,0.5,0.578125,128.0,128.0,0.5
28,0.47265625,0.16854766011238098,0.53125,0.6083859205245972,0.5,0.5859375,128.0,128.0,0.55859375
29,0.4609375,0.15979278087615967,0.5703125,0.580828845500946,0.5,0.6484375,128.0,128.0,0.609375
29,0.390625,0.1815326064825058,0.4296875,0.5856293439865112,0.5,0.6484375,128.0,128.0,0.5390625
29,0.36328125,0.1811678409576416,0.3984375,0.5871479511260986,0.5,0.671875,128.0,128.0,0.53515625
30,0.37109375,0.18749970197677612,0.375,0.5849290490150452,0.5,0.6328125,128.0,128.0,0.50390625
30,0.4296875,0.18753698468208313,0.40625,0.5971167683601379,0.5,0.546875,128.0,128.0,0.4765625
30,0.40625,0.17135901749134064,0.4921875,0.6098712086677551,0.5,0.6796875,128.0,128.0,0.5859375
