raw/gen/time/time_elapsed,raw/gen/time/fps,raw/gen/time/total_timesteps,raw/gen/time/iterations,raw/gen/train/loss,raw/gen/train/n_updates,raw/gen/train/learning_rate,raw/gen/train/value_loss,raw/gen/rollout/ep_rew_wrapped_mean,raw/gen/train/policy_gradient_loss,raw/gen/train/approx_kl,raw/gen/train/clip_fraction,raw/gen/train/explained_variance,raw/gen/train/entropy_loss,raw/gen/train/clip_range
2,1528,4096,1,,,,,,,,,,,
19,415,8192,2,-0.04871247336268425,10,9.125000000000001e-05,0.004659576108679175,0.23382440853310982,-0.0002848734089639038,5.4078497e-05,0.0,-1.5751047134399414,-1.609417399764061,0.1
36,339,12288,3,-0.053101424127817154,20,8.25e-05,0.002782274706987664,0.2279021992534399,-0.002249471953837201,0.0015040238,0.027587890625,0.24987506866455078,-1.608593475818634,0.1
52,310,16384,4,-0.05730759724974632,30,7.375e-05,0.002750111074419692,0.23737994736991821,-0.00576905014750082,0.001248931,0.067333984375,0.4839456081390381,-1.604303041100502,0.1
69,296,20480,5,-0.05205220729112625,40,6.500000000000001e-05,0.0021287273179041223,0.2517419911082834,-0.0030114571505691855,0.0015988695,0.0210693359375,0.5206392705440521,-1.6009648203849793,0.1
85,287,24576,6,-0.05720551684498787,50,5.625e-05,0.0018195982614997775,0.2519828499248251,-0.005363252741517499,0.00206966,0.054638671875,0.5182661712169647,-1.5918039679527283,0.1
102,281,28672,7,-0.05365128442645073,60,4.75e-05,0.0013976692469441331,0.29228294929023835,-0.003595166397280991,0.002688553,0.00830078125,0.5130240321159363,-1.5861760973930359,0.1
118,276,32768,8,-0.05298744887113571,70,3.875e-05,0.001298729795962572,0.3074197553098202,-0.004043197515420616,0.002940184,0.02626953125,0.4960823655128479,-1.566489589214325,0.1
2,1516,36864,1,-0.05116023123264313,80,3e-05,0.001139966188929975,0.3237278666347265,-0.0028356379159959035,0.0018836977,0.0049072265625,0.4807072877883911,-1.5487716883420943,0.1
19,426,40960,2,152.34718322753906,90,6.062500000000001e-05,683.7573257446289,-90.19797299779486,0.020436460495693608,0.027596433,0.3662353515625,0.0033416152000427246,-1.566708940267563,0.1
35,343,45056,3,192.40054321289062,100,5.625e-05,806.5516693115235,-143.9739410853386,0.0019473129708785565,0.0017598378,0.0875732421875,-0.012408256530761719,-1.5987225949764252,0.1
52,312,49152,4,198.56521606445312,110,5.1875e-05,844.5480087280273,-145.5983742570877,0.00012001142313238234,0.00010398889,0.0,-0.0010633468627929688,-1.599529606103897,0.1
69,296,53248,5,214.1701202392578,120,4.75e-05,872.2026245117188,-148.74649996995925,0.0002126034814864397,8.335133e-05,0.0,-0.0005841255187988281,-1.6001247942447663,0.1
85,286,57344,6,212.2867889404297,130,4.3125000000000005e-05,873.506689453125,-149.1887643122673,-2.8557743644341826e-05,8.324641e-06,0.0,-3.802776336669922e-05,-1.6009154945611954,0.1
102,279,61440,7,213.36141967773438,140,3.875e-05,858.622917175293,-149.02978658914566,6.351585034281015e-06,1.3934186e-06,0.0,8.761882781982422e-05,-1.601132220029831,0.1
119,275,65536,8,210.26702880859375,150,3.4375e-05,859.04951171875,-148.82162194728852,-1.5644443919882179e-06,5.931797e-07,0.0,8.922815322875977e-05,-1.6012133061885834,0.1
2,1443,69632,1,214.60679626464844,160,3e-05,870.8521301269532,-148.9164540553093,-1.2947170762345195e-05,2.063607e-06,0.0,8.51750373840332e-05,-1.601313379406929,0.1
19,419,73728,2,46.18437576293945,170,5.041666666666667e-05,189.08332366943358,-97.8405345773697,-7.683441508561372e-05,2.2523105e-05,0.0,0.00013047456741333008,-1.6012211471796036,0.1
36,336,77824,3,46.33880615234375,180,4.75e-05,187.4159812927246,-69.57308708846568,-6.636862526647747e-05,2.3651883e-05,0.0,0.00021147727966308594,-1.6010567188262939,0.1
53,308,81920,4,45.57610321044922,190,4.458333333333334e-05,186.89703330993652,-69.48747268259525,-0.00018715266196522862,6.433077e-05,0.0,0.00011265277862548828,-1.6008405447006226,0.1
69,292,86016,5,47.31382369995117,200,4.1666666666666665e-05,186.49322166442872,-69.67895484924317,-3.750362084247172e-05,6.765418e-06,0.0,0.00010716915130615234,-1.6004279553890228,0.1
86,283,90112,6,46.99055862426758,210,3.875e-05,187.2136344909668,-69.73493878245354,-3.477024147287011e-05,9.448879e-06,0.0,7.49826431274414e-05,-1.6004341661930084,0.1
103,276,94208,7,46.865203857421875,220,3.5833333333333335e-05,186.4066192626953,-69.67018669962883,-3.3924862509593365e-05,3.882582e-06,0.0,7.724761962890625e-05,-1.6002699613571167,0.1
120,272,98304,8,45.8660888671875,230,3.291666666666666e-05,184.4094108581543,-69.49066593110561,-3.449373180046678e-05,6.147602e-06,0.0,7.420778274536133e-05,-1.6004318386316299,0.1
2,1400,102400,1,45.208839416503906,240,3e-05,184.43944854736327,-69.80964053928852,-2.2131716832518578e-05,3.1774543e-06,0.0,9.328126907348633e-05,-1.6005666196346282,0.1
19,414,106496,2,199.78125,250,4.5312500000000004e-05,795.6975173950195,-112.71454471826553,-1.608919119462371e-05,1.3868412e-06,0.0,3.653764724731445e-05,-1.600701665878296,0.1
36,337,110592,3,190.17779541015625,260,4.3125000000000005e-05,767.7232086181641,-135.12210728883744,-2.6844703825190663e-05,5.0304516e-06,0.0,4.380941390991211e-05,-1.6008577346801758,0.1
53,307,114688,4,191.59268188476562,270,4.09375e-05,777.8768280029296,-135.01394854426383,-0.00012699447979684918,2.07282e-05,0.0,2.956390380859375e-05,-1.6006457209587097,0.1
70,292,118784,5,197.5485382080078,280,3.875e-05,790.4338973999023,-135.90750065684318,-0.00016192932962439955,2.7798815e-05,0.0,2.1278858184814453e-05,-1.600182044506073,0.1
86,283,122880,6,193.613037109375,290,3.65625e-05,764.9759658813476,-135.35994312286377,-3.881438169628382e-05,7.775874e-06,0.0,4.2378902435302734e-05,-1.6000534057617188,0.1
103,277,126976,7,198.1458740234375,300,3.4375e-05,792.1302291870118,-136.33861114263536,-2.3130391491577028e-05,2.4091278e-06,0.0,1.627206802368164e-05,-1.5996936082839965,0.1
120,272,131072,8,196.77249145507812,310,3.21875e-05,790.216212463379,-136.61018545985223,-0.00013174555206205696,1.919418e-05,0.0,1.4185905456542969e-05,-1.5992794752120971,0.1
2,1400,135168,1,193.55918884277344,320,3e-05,771.650146484375,-136.20528109788896,-0.0001458236132748425,2.7470393e-05,0.0,2.1457672119140625e-05,-1.598856148123741,0.1
19,413,139264,2,104.54723358154297,330,4.2250000000000004e-05,428.65002593994143,-111.138025572896,-0.00023250359226949512,7.507675e-05,0.0,1.4126300811767578e-05,-1.597948643565178,0.1
36,337,143360,3,105.37897491455078,340,4.05e-05,423.44073486328125,-98.22520894229412,-2.526962198317051e-05,1.8086139e-06,0.0,1.0192394256591797e-05,-1.5971408098936082,0.1
53,308,147456,4,110.75438690185547,350,3.875e-05,448.676692199707,-98.98790041208267,-7.507919217459857e-05,1.794177e-05,0.0,6.794929504394531e-06,-1.5967107623815537,0.1
70,291,151552,5,97.54898834228516,360,3.7e-05,392.48186645507815,-96.16405088424682,-0.00017061426187865437,4.089075e-05,0.0,1.4185905456542969e-05,-1.5965211153030396,0.1
86,282,155648,6,93.30146026611328,370,3.5249999999999996e-05,381.2284767150879,-92.36015640437603,-1.58508715685457e-05,4.1880558e-06,0.0,8.821487426757812e-06,-1.59613037109375,0.1
103,276,159744,7,99.5335922241211,380,3.35e-05,406.0773590087891,-94.70118844687939,-5.362152005545795e-05,7.988943e-06,0.0,1.1682510375976562e-05,-1.5957075029611587,0.1
120,272,163840,8,107.20927429199219,390,3.175e-05,408.8795471191406,-96.35259130895138,-0.0001472911040764302,2.1983447e-05,0.0,6.67572021484375e-06,-1.595280221104622,0.1
2,1417,167936,1,104.28202056884766,400,3e-05,415.6565658569336,-97.82234068512916,-0.0002441805467242375,3.3008822e-05,0.0,1.0669231414794922e-05,-1.5944554209709167,0.1
19,414,172032,2,125.33496856689453,410,4.020833333333334e-05,498.23726119995115,-102.74161528587341,-0.00017064578132703901,2.6055932e-05,0.0,-1.1920928955078125e-07,-1.5933495312929153,0.1
36,334,176128,3,120.83740234375,420,3.875e-05,496.06775360107423,-107.32097553193569,-0.0001411999808624387,2.1201573e-05,0.0,1.0848045349121094e-05,-1.5923631101846696,0.1
53,305,180224,4,115.59730529785156,430,3.729166666666667e-05,456.91614685058596,-103.84492191314698,-8.31782235763967e-05,1.2989418e-05,0.0,9.953975677490234e-06,-1.5916744768619537,0.1
70,291,184320,5,114.37060546875,440,3.5833333333333335e-05,466.385302734375,-104.7809998112917,-6.0483720153570177e-05,6.996386e-06,0.0,6.556510925292969e-06,-1.5910230368375777,0.1
87,281,188416,6,120.35701751708984,450,3.4375e-05,483.1112823486328,-105.09832279324532,-6.548139499500394e-05,7.450595e-06,0.0,9.775161743164062e-06,-1.5904880464076996,0.1
104,275,192512,7,119.02159881591797,460,3.291666666666666e-05,482.89078216552736,-104.60125894665718,-7.188859162852169e-05,6.3010375e-06,0.0,8.225440979003906e-06,-1.5898984044790268,0.1
121,269,196608,8,110.7575912475586,470,3.145833333333334e-05,453.42435455322266,-101.28214632987977,-0.00011273248819634318,1.20012555e-05,0.0,1.537799835205078e-05,-1.5894088953733445,0.1
2,1436,200704,1,118.97718811035156,480,3e-05,471.2079307556152,-103.40145643353462,-8.27900948934257e-05,7.0991955e-06,0.0,1.1861324310302734e-05,-1.5886277824640274,0.1
19,416,204800,2,168.94390869140625,490,3.875e-05,659.0269775390625,-117.78055883049964,-2.8587799170054497e-05,1.6580889e-06,0.0,1.3828277587890625e-05,-1.5882998347282409,0.1
36,336,208896,3,157.21640014648438,500,3.75e-05,631.8875564575195,-123.79092026710511,-2.9969529714435338e-05,1.9455765e-06,0.0,1.1563301086425781e-05,-1.588257870078087,0.1
53,308,212992,4,173.7543182373047,510,3.625e-05,686.4979995727539,-127.13687420606612,-7.708382327109575e-07,1.8713763e-08,0.0,6.556510925292969e-06,-1.5877975523471832,0.1
70,292,217088,5,162.46505737304688,520,3.5e-05,650.5656158447266,-125.73697062909604,-1.2732768664136528e-05,4.1673775e-07,0.0,7.510185241699219e-06,-1.5879661947488786,0.1
86,283,221184,6,156.05247497558594,530,3.375e-05,637.6826644897461,-123.72761602818966,-2.5699438992887735e-05,8.01243e-07,0.0,9.775161743164062e-06,-1.5880210727453232,0.1
103,276,225280,7,163.5174560546875,540,3.25e-05,664.1118377685547,-124.88259468197822,-2.0519131794571876e-06,1.4658144e-07,0.0,8.165836334228516e-06,-1.5880273103713989,0.1
120,272,229376,8,164.98023986816406,550,3.125000000000001e-05,663.194287109375,-126.64271830439567,-1.4608388300985099e-05,6.0723687e-07,0.0,6.735324859619141e-06,-1.5881754219532014,0.1
2,1427,233472,1,152.0806884765625,560,3e-05,620.1713790893555,-123.79625720858574,-2.4102241150103508e-05,1.331151e-06,0.0,7.867813110351562e-06,-1.588596299290657,0.1
19,415,237568,2,98.68163299560547,570,3.7656250000000004e-05,392.92389221191405,-108.1278731751442,-6.9329165853559974e-06,1.0033982e-06,0.0,1.4662742614746094e-05,-1.5889068633317946,0.1
36,337,241664,3,96.3120346069336,580,3.65625e-05,386.81969299316404,-100.12117020428181,-6.74074690323323e-05,7.214796e-06,0.0,1.1146068572998047e-05,-1.5892991513013839,0.1
53,306,245760,4,97.64688873291016,590,3.5468750000000005e-05,400.47051467895506,-101.32055504381657,-3.91877256333828e-06,7.0320675e-07,0.0,9.834766387939453e-06,-1.589678528904915,0.1
70,291,249856,5,97.17088317871094,600,3.4375e-05,392.5941955566406,-101.40305147647858,-6.954249693080783e-06,5.1461393e-07,0.0,1.0907649993896484e-05,-1.5898190021514893,0.1
86,283,253952,6,97.12650299072266,610,3.328125e-05,390.27060317993164,-100.71269072175026,-2.5418787845410407e-05,2.5807385e-06,0.0,1.1324882507324219e-05,-1.589599061012268,0.1
103,277,258048,7,95.56647491455078,620,3.21875e-05,389.72690658569337,-101.08909756422042,-5.7348900008946656e-05,5.2231335e-06,0.0,1.0788440704345703e-05,-1.5891087055206299,0.1
120,271,262144,8,96.31510925292969,630,3.109375e-05,381.8014488220215,-100.18302978873253,-2.4063567980192602e-05,1.5167025e-06,0.0,1.0907649993896484e-05,-1.5889129936695099,0.1
2,1367,266240,1,93.22432708740234,640,3e-05,377.90022430419924,-99.3139403706789,-2.7305365074425934e-05,1.9725703e-06,0.0,1.2636184692382812e-05,-1.589310684800148,0.1
19,411,270336,2,134.66615295410156,650,3.6805555555555556e-05,540.0949249267578,-111.28544210255146,-2.9701064340770246e-05,3.175097e-06,0.0,8.106231689453125e-06,-1.5894956588745117,0.1
36,334,274432,3,133.1798095703125,660,3.5833333333333335e-05,536.0895370483398,-118.07053489327431,-2.9373017605394124e-05,3.6947458e-06,0.0,4.76837158203125e-06,-1.5899117022752762,0.1
53,306,278528,4,133.69468688964844,670,3.486111111111111e-05,540.1786453247071,-117.94185262143611,-2.8285948792472483e-05,2.0829466e-06,0.0,5.304813385009766e-06,-1.5904144585132598,0.1
70,292,282624,5,132.27935791015625,680,3.388888888888889e-05,525.6960540771485,-117.58828301906586,-1.0469555854797364e-05,1.8612918e-06,0.0,5.245208740234375e-06,-1.5907727301120758,0.1
87,281,286720,6,137.2030792236328,690,3.291666666666666e-05,548.2224914550782,-118.49222731113434,-2.1215458400547504e-05,3.7674617e-06,0.0,4.231929779052734e-06,-1.591111171245575,0.1
104,275,290816,7,132.43890380859375,700,3.194444444444445e-05,527.4894538879395,-118.17116529703141,-2.6743457419797777e-05,5.3227996e-06,0.0,7.152557373046875e-06,-1.5918346434831618,0.1
120,270,294912,8,133.48756408691406,710,3.097222222222222e-05,531.4146408081054,-117.63268923044205,-0.00010686687310226261,2.7959046e-05,0.0,6.020069122314453e-06,-1.5927069693803788,0.1
3,1340,299008,1,134.5623779296875,720,3e-05,539.6647598266602,-118.23287051677704,-8.621798478998244e-05,2.9417686e-05,0.0,5.9604644775390625e-06,-1.5940745443105697,0.1
21,382,303104,2,118.93917083740234,730,3.6125000000000004e-05,474.2088195800781,-113.49255716383458,-2.311975695192814e-05,1.3710596e-05,0.0,3.337860107421875e-06,-1.5950161129236222,0.1
39,308,307200,3,117.16053771972656,740,3.5249999999999996e-05,467.6568969726562,-110.52694073677063,-0.00011332669819239528,3.9332124e-05,0.0,3.039836883544922e-06,-1.5961767137050629,0.1
56,288,311296,4,119.31434631347656,750,3.4375e-05,481.4548004150391,-111.14661901712418,-1.7423147801309825e-05,7.1329123e-06,0.0,4.291534423828125e-06,-1.5971384227275849,0.1
74,274,315392,5,115.12516021728516,760,3.35e-05,460.42086563110354,-110.516896225214,-6.172627327032388e-05,1.4735444e-05,0.0,3.5762786865234375e-06,-1.5977505624294281,0.1
91,267,319488,6,116.59246826171875,770,3.2625e-05,468.59409103393557,-110.03118370175362,-9.554385906085372e-06,4.650021e-06,0.0,3.039836883544922e-06,-1.5983503818511964,0.1
108,263,323584,7,118.34587097167969,780,3.175e-05,470.79277954101565,-110.81038738429547,-6.523265619762242e-05,1.6078498e-05,0.0,3.4570693969726562e-06,-1.5988528370857238,0.1
125,261,327680,8,113.43262481689453,790,3.0875e-05,465.69440536499025,-110.08307597219944,-1.1320225894451141e-06,2.5722402e-06,0.0,4.708766937255859e-06,-1.599742728471756,0.1
2,1471,331776,1,111.17982482910156,800,3e-05,451.47263259887694,-109.16196346282959,-0.00010550577426329255,2.9476243e-05,0.0,2.4437904357910156e-06,-1.6003435522317886,0.1
19,422,335872,2,148.67515563964844,810,3.556818181818182e-05,593.7188400268554,-116.95802645519376,-8.007959695532919e-06,7.401424e-06,0.0,1.6093254089355469e-06,-1.601012685894966,0.1
36,336,339968,3,149.31558227539062,820,3.4772727272727276e-05,593.1421035766601,-122.18225579738618,-2.8771971119567753e-05,5.370748e-06,0.0,1.430511474609375e-06,-1.6014092981815338,0.1
53,305,344064,4,142.87181091308594,830,3.397727272727272e-05,572.4109420776367,-121.62051699861884,-4.7937536146491765e-05,2.1001528e-05,0.0,8.344650268554688e-07,-1.6020009100437165,0.1
70,290,348160,5,147.06434631347656,840,3.318181818181818e-05,590.6681381225586,-121.38019661962986,-2.2489106049761177e-05,1.885579e-06,0.0,1.7285346984863281e-06,-1.602441057562828,0.1
87,280,352256,6,151.30982971191406,850,3.238636363636363e-05,594.6904754638672,-121.58227085798978,-1.3950164429843426e-05,1.0177464e-06,0.0,1.3113021850585938e-06,-1.6021982163190842,0.1
104,275,356352,7,147.82180786132812,860,3.159090909090909e-05,596.475341796875,-122.99807452857495,-5.5647132103331384e-05,1.4110614e-05,0.0,3.0994415283203125e-06,-1.6024934291839599,0.1
120,270,360448,8,153.33566284179688,870,3.0795454545454545e-05,601.2274871826172,-123.05707297921181,-5.378033965826034e-05,6.17333e-06,0.0,1.6689300537109375e-06,-1.6028881520032883,0.1
2,1445,364544,1,151.13902282714844,880,3e-05,611.5584167480469,-123.91015732020139,-0.00011036773794330657,3.1997e-05,0.0,1.6093254089355469e-06,-1.6031999230384826,0.1
19,415,368640,2,137.76693725585938,890,3.510416666666667e-05,562.7074935913085,-119.9454673651699,-2.7799850795418023e-05,9.606374e-06,0.0,1.3709068298339844e-06,-1.604138258099556,0.1
36,336,372736,3,139.89730834960938,900,3.4375e-05,565.3641830444336,-119.1949309351109,-9.086939971894025e-05,2.4041132e-05,0.0,1.0728836059570312e-06,-1.6046275466680526,0.1
53,308,376832,4,142.6551055908203,910,3.3645833333333336e-05,573.7677154541016,-119.64308942273725,-0.0002293612196808681,9.690967e-05,0.0,3.5762786865234375e-07,-1.6053534656763078,0.1
69,292,380928,5,143.8616180419922,920,3.291666666666666e-05,569.497119140625,-119.49450328159611,-8.371973235625774e-05,3.8898914e-05,0.0,7.152557373046875e-07,-1.6063849061727524,0.1
86,283,385024,6,139.85353088378906,930,3.21875e-05,572.5826583862305,-119.73048276303801,-8.293495629914105e-05,2.8350929e-05,0.0,6.556510925292969e-07,-1.6068043410778046,0.1
103,277,389120,7,135.87547302246094,940,3.145833333333334e-05,549.7076873779297,-118.14207833224442,-0.00016911487327888607,7.4108e-05,0.0,7.748603820800781e-07,-1.6073374599218369,0.1
119,274,393216,8,140.36294555664062,950,3.0729166666666664e-05,572.8137435913086,-118.68858206354547,-0.00015522730827797205,6.711749e-05,0.0,5.960464477539063e-08,-1.6077996492385864,0.1
2,1502,397312,1,147.15286254882812,960,3e-05,578.2491287231445,-119.73591804084369,-0.00021515667322091758,8.1992825e-05,0.0,5.960464477539063e-08,-1.608136957883835,0.1
19,422,401408,2,149.91331481933594,970,3.471153846153846e-05,608.9512115478516,-123.97871765252202,-0.00012267662095837294,4.726756e-05,0.0,8.940696716308594e-07,-1.6083601981401443,0.1
36,339,405504,3,154.01583862304688,980,3.4038461538461544e-05,608.5532958984375,-127.70088653446174,-0.0001700269989669323,4.5407694e-05,0.0,8.940696716308594e-07,-1.6083383172750474,0.1
53,308,409600,4,160.20555114746094,990,3.336538461538462e-05,639.101205444336,-128.7187275234051,-0.00019136994378641248,3.6592464e-05,0.0,1.0728836059570312e-06,-1.608157494664192,0.1
69,293,413696,5,143.9565887451172,1000,3.269230769230769e-05,595.396369934082,-127.25551527596079,-0.00010453350259922444,2.1344109e-05,0.0,7.748603820800781e-07,-1.6080194026231767,0.1
86,283,417792,6,151.00465393066406,1010,3.201923076923077e-05,609.7293014526367,-126.08005393278785,-0.00016413367120549083,3.5682722e-05,0.0,8.344650268554688e-07,-1.6077927201986313,0.1
103,277,421888,7,144.67816162109375,1020,3.134615384615385e-05,585.4703552246094,-125.15497806222179,-9.256280900444835e-05,2.2925014e-05,0.0,4.76837158203125e-07,-1.6075113892555237,0.1
119,273,425984,8,153.71031188964844,1030,3.067307692307692e-05,608.476222229004,-125.66364162900486,-0.00024780743988230827,5.0633025e-05,0.0,6.556510925292969e-07,-1.6071375221014024,0.1
2,1495,430080,1,146.1519775390625,1040,3e-05,582.6913482666016,-124.98586381818168,-0.00037887899088673294,8.377919e-05,0.0,7.152557373046875e-07,-1.606442740559578,0.1
19,421,434176,2,143.26405334472656,1050,3.4375e-05,565.9061508178711,-122.30420444522518,-0.00012767495354637504,7.5865246e-06,0.0,2.384185791015625e-07,-1.605882316827774,0.1
36,338,438272,3,139.95582580566406,1060,3.375e-05,554.1632385253906,-120.39131656356854,-6.156356539577246e-05,4.1941385e-06,0.0,-1.1920928955078125e-07,-1.6058740496635437,0.1
53,308,442368,4,133.1630859375,1070,3.3125e-05,535.6580871582031,-117.66924519521301,-0.0005665262811817229,0.00019551977,0.0,1.1920928955078125e-07,-1.6049891799688338,0.1
69,293,446464,5,142.3348846435547,1080,3.25e-05,573.6880462646484,-119.44568785234237,-0.00029884828836657107,7.6556826e-05,0.0,1.1920928955078125e-07,-1.6035853624343872,0.1
86,284,450560,6,139.37586975097656,1090,3.1875e-05,574.5532669067383,-121.78825155402126,-4.139525117352605e-05,2.0896405e-06,0.0,1.1920928955078125e-07,-1.603009331226349,0.1
103,278,454656,7,133.02359008789062,1100,3.125000000000001e-05,532.6745613098144,-118.41501169678348,-0.00015773218474350869,3.808373e-05,0.0,0.0,-1.602514237165451,0.1
119,274,458752,8,141.55186462402344,1110,3.0625e-05,560.2874084472656,-118.64674540733743,-6.015137332724407e-05,5.232854e-06,0.0,1.1920928955078125e-07,-1.601805117726326,0.1
2,1501,462848,1,142.66250610351562,1120,3e-05,570.5199264526367,-121.07284079135803,-7.65883014537394e-05,1.2955759e-05,0.0,0.0,-1.6021828293800353,0.1
19,422,466944,2,152.19451904296875,1130,3.408333333333333e-05,617.1925994873047,-121.97897085053438,-6.617844046559185e-05,1.1690136e-05,0.0,0.0,-1.602698665857315,0.1
35,342,471040,3,148.1890411376953,1140,3.35e-05,602.6594024658203,-121.02217849399895,-8.678879239596427e-05,2.5336398e-05,0.0,-2.384185791015625e-07,-1.602431857585907,0.1
52,311,475136,4,150.7761688232422,1150,3.291666666666666e-05,607.1408157348633,-120.2529549357295,-0.00011686918151099235,1.8483319e-05,0.0,-1.1920928955078125e-07,-1.6016372174024582,0.1
69,296,479232,5,149.80531311035156,1160,3.233333333333333e-05,594.8699234008789,-119.84430692300201,-0.00010417178564239293,2.3171466e-05,0.0,-1.1920928955078125e-07,-1.601599770784378,0.1
85,286,483328,6,157.9526824951172,1170,3.175e-05,614.0663696289063,-121.14929232247174,-5.1916163647547366e-05,1.8030361e-05,0.0,-3.5762786865234375e-07,-1.6023737996816636,0.1
102,280,487424,7,143.40411376953125,1180,3.1166666666666674e-05,575.2934448242188,-118.26246126782208,-0.00014510199252981693,4.1871637e-05,0.0,-2.384185791015625e-07,-1.6019707083702088,0.1
118,275,491520,8,154.55490112304688,1190,3.058333333333333e-05,609.1753372192383,-120.08852099100127,-5.0336914137005805e-05,1.1556811e-05,0.0,-2.384185791015625e-07,-1.601172110438347,0.1
2,1486,495616,1,160.06593322753906,1200,3e-05,620.5330856323242,-122.10536595044715,-0.00011082487180829048,1.853559e-05,0.0,-2.384185791015625e-07,-1.6007600277662277,0.1
19,424,499712,2,192.06166076660156,1210,3.3828125000000004e-05,757.1904174804688,-131.81443064824737,-0.0003504034772049636,9.2273054e-05,0.0,1.7881393432617188e-07,-1.599338099360466,0.1
36,341,503808,3,191.26673889160156,1220,3.328125e-05,785.1108428955079,-140.6186344973487,-0.00010678698890842497,2.060835e-05,0.0,0.0,-1.5978756964206695,0.1
52,311,507904,4,179.31040954589844,1230,3.2734375e-05,725.5962448120117,-137.5100698691141,-0.0001368772573187016,2.0822e-05,0.0,0.0,-1.5968718439340592,0.1
69,296,512000,5,175.71461486816406,1240,3.21875e-05,708.7550720214844,-134.65477377485718,-0.00014632477541454136,1.789302e-05,0.0,1.1920928955078125e-07,-1.5957729905843734,0.1
85,286,516096,6,190.29461669921875,1250,3.1640625e-05,754.1522872924804,-137.55611135694664,-0.0001271662942599505,1.1167183e-05,0.0,0.0,-1.5951811969280243,0.1
102,280,520192,7,190.23382568359375,1260,3.109375e-05,759.5010635375977,-138.39081065790728,-0.00011782289075199515,8.165283e-06,0.0,1.1920928955078125e-07,-1.594646194577217,0.1
118,276,524288,8,177.9939422607422,1270,3.0546875e-05,714.1919052124024,-135.19233892485732,-8.82186635863036e-05,9.811236e-06,0.0,-1.1920928955078125e-07,-1.5941257178783417,0.1
2,1562,528384,1,180.1333770751953,1280,3e-05,724.2783264160156,-133.76635326921473,-9.670190629549325e-05,8.528892e-06,0.0,5.960464477539063e-08,-1.5935528963804244,0.1
19,429,532480,2,127.98139953613281,1290,3.360294117647059e-05,515.5220489501953,-124.48911205175332,-7.064564561005681e-05,7.1252434e-06,0.0,5.960464477539063e-08,-1.5935349762439728,0.1
35,343,536576,3,126.67654418945312,1300,3.3088235294117644e-05,512.9691436767578,-117.26034705418395,-0.00011523489374667406,1.33147405e-05,0.0,0.0,-1.5933021396398543,0.1
52,312,540672,4,129.4396514892578,1310,3.2573529411764706e-05,520.5852401733398,-117.64584135693498,-8.65545473061502e-05,1.2099321e-05,0.0,1.7881393432617188e-07,-1.5929599702358246,0.1
68,297,544768,5,119.90614318847656,1320,3.205882352941177e-05,483.47871017456055,-114.86557827691082,-0.0001479221391491592,3.7291044e-05,0.0,0.0,-1.5934955835342408,0.1
85,287,548864,6,125.02410888671875,1330,3.1544117647058824e-05,490.87719345092773,-113.50252853590064,-0.00012477357813622802,4.440792e-05,0.0,0.0,-1.5947591245174408,0.1
101,281,552960,7,125.3624267578125,1340,3.102941176470588e-05,500.63428421020507,-113.73413698587567,-0.00036897370009683075,8.6418775e-05,0.0,1.1920928955078125e-07,-1.5941649317741393,0.1
118,276,557056,8,118.97747802734375,1350,3.0514705882352942e-05,490.60291290283203,-114.39697638959159,-0.00037770909839309754,0.00011257075,0.0,0.0,-1.5916010946035386,0.1
2,1541,561152,1,127.40608215332031,1360,3e-05,510.4249870300293,-115.218211694262,-0.0005779818369774148,0.00019772508,0.0,5.960464477539063e-08,-1.5885340720415115,0.1
19,427,565248,2,151.3856658935547,1370,3.340277777777778e-05,617.4040588378906,-120.68711121096975,-0.00015680678770877421,3.1830175e-05,0.0,0.0,-1.5859901040792466,0.1
35,341,569344,3,155.48452758789062,1380,3.291666666666666e-05,618.2733489990235,-124.28649329133273,-0.00010636536462698132,5.97655e-05,0.0,-1.1920928955078125e-07,-1.5879100501537322,0.1
52,311,573440,4,149.58224487304688,1390,3.243055555555556e-05,599.2610778808594,-122.6102740823169,-6.141510384622961e-05,1.23684e-05,0.0,-1.1920928955078125e-07,-1.5884228616952896,0.1
68,297,577536,5,159.10549926757812,1400,3.194444444444445e-05,615.29326171875,-122.55482653864485,-0.00020641202281694858,2.7086571e-05,0.0,-1.1920928955078125e-07,-1.5873290777206421,0.1
85,288,581632,6,148.6103973388672,1410,3.145833333333334e-05,580.9369995117188,-120.9658921865269,-3.383161092642695e-05,4.503483e-06,0.0,-1.1920928955078125e-07,-1.5864798188209535,0.1
101,282,585728,7,159.93817138671875,1420,3.097222222222222e-05,637.5437850952148,-122.89940719021426,-7.299604476429522e-05,2.266308e-05,0.0,0.0,-1.5863626807928086,0.1
118,277,589824,8,148.63905334472656,1430,3.048611111111111e-05,616.6800933837891,-124.32759266302804,-4.988894215784967e-05,5.5348646e-06,0.0,-2.384185791015625e-07,-1.5850802421569825,0.1
2,1527,593920,1,149.16061401367188,1440,3e-05,608.5594085693359,-123.31616429662216,-7.259537233039736e-06,1.474793e-06,0.0,0.0,-1.58468436896801,0.1
19,429,598016,2,165.59390258789062,1450,3.3223684210526313e-05,664.1604431152343,-126.61726723145227,-2.4665711680427194e-05,2.6848575e-06,0.0,2.384185791015625e-07,-1.5844822466373443,0.1
35,344,602112,3,161.1986541748047,1460,3.276315789473685e-05,652.332780456543,-128.74711255959235,-2.2729515330865978e-05,2.248169e-06,0.0,0.0,-1.5843141436576844,0.1
52,314,606208,4,158.08401489257812,1470,3.2302631578947375e-05,634.767691040039,-126.90408123110421,-4.145216953475028e-05,1.419535e-05,0.0,0.0,-1.5844516962766648,0.1
68,298,610304,5,161.7136688232422,1480,3.1842105263157895e-05,644.7166275024414,-127.8122849425394,-0.00016962038353085518,7.122512e-05,0.0,-1.1920928955078125e-07,-1.5856925010681153,0.1
85,288,614400,6,166.67173767089844,1490,3.138157894736842e-05,662.7191558837891,-129.53508339152205,-6.77066680509597e-05,1.1698925e-05,0.0,-1.1920928955078125e-07,-1.5868402987718582,0.1
101,282,618496,7,159.29823303222656,1500,3.092105263157895e-05,638.6687698364258,-128.26477775698527,-8.859130321070552e-05,3.1120653e-05,0.0,0.0,-1.586587455868721,0.1
117,277,622592,8,158.10020446777344,1510,3.0460526315789474e-05,623.3225219726562,-126.1997799758846,-1.5638791956007482e-05,4.9829396e-06,0.0,-2.384185791015625e-07,-1.587570771574974,0.1
2,1438,626688,1,153.61207580566406,1520,3e-05,628.3916381835937,-124.86816494170111,-0.00015572602860629557,5.005709e-05,0.0,1.1920928955078125e-07,-1.586507898569107,0.1
19,424,630784,2,122.26827239990234,1530,3.30625e-05,495.17116928100586,-116.6941327949753,-0.00010404590866528452,1.7205064e-05,0.0,-1.1920928955078125e-07,-1.5849990278482438,0.1
35,344,634880,3,132.21742248535156,1540,3.2625e-05,525.1621421813965,-114.90517077040859,-9.432497172383592e-05,1.8474922e-05,0.0,-1.1920928955078125e-07,-1.5851093024015426,0.1
52,314,638976,4,129.32144165039062,1550,3.21875e-05,520.9316528320312,-116.15060798808932,-0.0003782366693485528,0.0002684091,0.0,-1.1920928955078125e-07,-1.585642445087433,0.1
68,298,643072,5,128.37013244628906,1560,3.175e-05,508.6704521179199,-115.47090059678071,-7.733766688033939e-06,2.058559e-05,0.0,-1.1920928955078125e-07,-1.5886304199695587,0.1
84,289,647168,6,130.42539978027344,1570,3.13125e-05,522.7929985046387,-115.56285274297,-0.00023247749777510762,0.000109242115,0.0,0.0,-1.5878080606460572,0.1
101,283,651264,7,123.59162139892578,1580,3.0875e-05,494.39375228881835,-114.47273954471574,-0.0003519454738125205,0.00018660355,0.0,-1.1920928955078125e-07,-1.584030058979988,0.1
117,279,655360,8,130.5244598388672,1590,3.0437499999999998e-05,522.1499145507812,-115.1270046832785,-5.0563141121529044e-05,1.394478e-05,0.0,-1.1920928955078125e-07,-1.582357868552208,0.1
2,1486,659456,1,121.10647583007812,1600,3e-05,492.0147834777832,-114.097840767093,-0.00013657761737704278,3.6204772e-05,0.0,0.0,-1.5830725312232972,0.1
19,419,663552,2,152.99038696289062,1610,3.291666666666666e-05,604.6514511108398,-120.2309732236201,-9.258165373466909e-05,1.685333e-05,0.0,-1.1920928955078125e-07,-1.5829263985157014,0.1
36,339,667648,3,136.76902770996094,1620,3.25e-05,550.5637054443359,-119.48639766698703,-0.0002648000430781394,5.7204743e-05,0.0,-1.1920928955078125e-07,-1.581492167711258,0.1
52,311,671744,4,143.66244506835938,1630,3.208333333333333e-05,584.8409118652344,-121.17757933910471,-0.00019462562049739064,4.8136615e-05,0.0,0.0,-1.5805878192186356,0.1
69,295,675840,5,151.73641967773438,1640,3.166666666666667e-05,596.972445678711,-123.88753897117917,-0.00020152516080997884,3.9976076e-05,0.0,0.0,-1.5787828713655472,0.1
85,286,679936,6,145.2230987548828,1650,3.125000000000001e-05,579.6248077392578,-121.75000796726904,-0.00028748314070980996,0.00016532071,0.0,0.0,-1.578548863530159,0.1
102,280,684032,7,141.88726806640625,1660,3.083333333333333e-05,582.6690399169922,-122.15629324064125,-4.3743057176470757e-07,1.415897e-05,0.0,0.0,-1.580414354801178,0.1
118,276,688128,8,143.66632080078125,1670,3.0416666666666666e-05,588.1657516479493,-123.73544987827539,-5.8745802380144593e-05,2.1004846e-05,0.0,0.0,-1.5803617626428603,0.1
2,1480,692224,1,156.98854064941406,1680,3e-05,618.8889083862305,-125.12939357938711,-0.0002263559668790549,7.085185e-05,0.0,0.0,-1.5787605792284012,0.1
19,420,696320,2,151.9627227783203,1690,3.2784090909090914e-05,614.5549331665039,-126.57592304597375,-0.00021207841928116977,0.00011809844,0.0,0.0,-1.5771888941526413,0.1
36,339,700416,3,150.27752685546875,1700,3.238636363636363e-05,607.4291168212891,-125.5575613462017,-0.0004653320589568466,0.0001782722,0.0,0.0,-1.5785298228263855,0.1
52,310,704512,4,148.9411163330078,1710,3.1988636363636366e-05,601.448844909668,-125.30819850207307,-0.00018942780734505505,4.2766085e-05,0.0,0.0,-1.5768266379833222,0.1
69,296,708608,5,162.31246948242188,1720,3.159090909090909e-05,643.4075256347656,-129.49396979373878,-0.0001582696655532345,4.610092e-05,0.0,5.960464477539063e-08,-1.5750428497791291,0.1
85,286,712704,6,155.67860412597656,1730,3.119318181818182e-05,626.2076309204101,-128.3467636895296,-0.0002002434979658574,6.553976e-05,0.0,0.0,-1.5727127939462662,0.1
102,280,716800,7,146.17791748046875,1740,3.0795454545454545e-05,592.2550186157226,-126.65037929600221,-6.159067852422595e-05,1.7061568e-05,0.0,0.0,-1.5706599444150924,0.1
118,276,720896,8,152.5780029296875,1750,3.0397727272727278e-05,608.5536651611328,-125.02199713422102,-9.553987183608115e-05,1.6822843e-05,0.0,1.1920928955078125e-07,-1.5695352017879487,0.1
2,1448,724992,1,146.83290100097656,1760,3e-05,599.3575210571289,-124.66129356823978,-6.45740597974509e-05,1.33088615e-05,0.0,-1.1920928955078125e-07,-1.56861013174057,0.1
19,420,729088,2,123.49295043945312,1770,3.266304347826086e-05,480.95138092041014,-114.2255338387657,-0.0001686872186837718,4.090079e-05,0.0,0.0,-1.5676624655723572,0.1
36,337,733184,3,125.28893280029297,1780,3.228260869565218e-05,494.08803482055663,-110.67870966708287,-5.995013634674251e-05,4.000502e-05,0.0,-2.384185791015625e-07,-1.5674059599637986,0.1
52,309,737280,4,127.76765441894531,1790,3.190217391304348e-05,504.8511795043945,-111.77965689031407,-8.002063550520689e-05,2.8358976e-05,0.0,-1.1920928955078125e-07,-1.5674150735139847,0.1
69,294,741376,5,124.95632934570312,1800,3.152173913043478e-05,498.6524948120117,-113.36070106245577,-0.00014785573875997216,3.862838e-05,0.0,0.0,-1.565340918302536,0.1
85,286,745472,6,116.5433578491211,1810,3.114130434782609e-05,483.82279205322266,-111.67057737553841,-0.0004120809491723776,0.00022077539,0.0,-1.1920928955078125e-07,-1.5641831487417222,0.1
102,279,749568,7,121.40811157226562,1820,3.0760869565217395e-05,493.6243621826172,-112.81806985555683,-0.00035512865579221395,9.9029916e-05,0.0,-1.1920928955078125e-07,-1.563000339269638,0.1
118,275,753664,8,121.98431396484375,1830,3.03804347826087e-05,490.1837890625,-110.45311183382175,-0.0004834645544178784,0.00013785559,0.0,-1.1920928955078125e-07,-1.558490800857544,0.1
2,1556,757760,1,121.58478546142578,1840,3e-05,492.54333114624023,-110.85340079306043,-0.00048525979509577154,0.000166854,0.0,0.0,-1.554375910758972,0.1
19,428,761856,2,138.6434783935547,1850,3.255208333333334e-05,540.2773452758789,-119.37265127747553,-9.549305541440844e-05,3.114836e-05,0.0,0.0,-1.5513043522834777,0.1
35,345,765952,3,129.2486114501953,1860,3.21875e-05,523.1774024963379,-121.79736164865317,-0.0003974941500928253,0.00015476679,0.0,0.0,-1.5492322146892548,0.1
52,314,770048,4,130.4674835205078,1870,3.1822916666666667e-05,529.7599609375,-121.70603358827765,-0.00010126216220669448,2.9114337e-05,0.0,5.960464477539063e-08,-1.5469952166080474,0.1
68,298,774144,5,125.47344207763672,1880,3.145833333333334e-05,507.9590576171875,-120.6846462522354,-0.0001489019370637834,6.292002e-05,0.0,0.0,-1.546292355656624,0.1
85,286,778240,6,130.9129638671875,1890,3.109375e-05,523.3980117797852,-120.60992134534055,-0.00025677910598460586,7.722262e-05,0.0,0.0,-1.5432526648044587,0.1
102,280,782336,7,129.43612670898438,1900,3.0729166666666664e-05,520.984538269043,-120.41072488834848,-0.0001400597917381674,3.66975e-05,0.0,0.0,-1.5399733990430833,0.1
118,275,786432,8,117.85911560058594,1910,3.0364583333333337e-05,483.1280799865723,-117.54007530800067,-0.0003935706859920174,0.00012492418,0.0,-1.1920928955078125e-07,-1.5367644876241684,0.1
2,1489,790528,1,130.58448791503906,1920,3e-05,507.2822624206543,-120.50142278096871,-0.00016538620693609118,5.098441e-05,0.0,0.0,-1.5330211251974106,0.1
19,421,794624,2,117.68024444580078,1930,3.245e-05,473.29948272705076,-118.04825069439131,-0.0001760731276590377,5.5975586e-05,0.0,5.960464477539063e-08,-1.532075536251068,0.1
35,341,798720,3,122.5574951171875,1940,3.21e-05,499.3398208618164,-120.5553415021347,-0.000537577917566523,0.00024743372,0.0,0.0,-1.5267671793699265,0.1
52,311,802816,4,120.67513275146484,1950,3.175e-05,476.5525505065918,-119.72050867036916,-0.0004228359495755285,0.00019117091,0.0,0.0,-1.5210624754428863,0.1
69,296,806912,5,118.63288879394531,1960,3.1400000000000004e-05,470.7156921386719,-118.38501620367634,-0.0005302473873598501,0.00026318314,0.0,0.0,-1.5156610518693925,0.1
85,287,811008,6,112.894287109375,1970,3.105e-05,454.8172241210938,-116.09785200268962,-0.0010528387560043485,0.00039642915,0.0,0.0,-1.5077965885400773,0.1
102,280,815104,7,112.75234985351562,1980,3.07e-05,455.764794921875,-116.22383820876945,-0.0002908023874624632,0.000101416255,0.0,5.960464477539063e-08,-1.4965721309185027,0.1
118,276,819200,8,114.62055969238281,1990,3.0350000000000002e-05,458.7804359436035,-116.79674902768805,-0.00024742116511333734,7.325501e-05,0.0,0.0,-1.4911187529563903,0.1
2,1477,823296,1,117.17308807373047,2000,3e-05,463.45622940063475,-116.79612042725552,-0.0008160249999491498,0.00038389902,0.0,5.960464477539063e-08,-1.4832070380449296,0.1
19,420,827392,2,102.78926849365234,2010,3.235576923076923e-05,409.94500198364256,-109.11737329360098,-0.0008184349600924179,0.00053674594,0.0,-1.1920928955078125e-07,-1.4714584529399872,0.1
36,339,831488,3,100.77294921875,2020,3.201923076923077e-05,409.13808517456056,-106.0728900950565,-0.0007061048527248204,0.0004499742,0.0,0.0,-1.4603449553251266,0.1
52,309,835584,4,98.7833023071289,2030,3.168269230769231e-05,408.4131233215332,-104.1916793424706,-0.00027936370752286167,9.504263e-05,0.0,0.0,-1.451414453983307,0.1
69,294,839680,5,99.92955780029297,2040,3.134615384615385e-05,411.2351989746094,-105.43025915708859,-0.0004107054526684806,0.00017389658,0.0,0.0,-1.4447472512722015,0.1
86,285,843776,6,99.10010528564453,2050,3.1009615384615384e-05,387.60023040771483,-101.81541618364398,-0.0009330280241556466,0.00046210637,0.0,-1.1920928955078125e-07,-1.4322417080402374,0.1
102,280,847872,7,104.34083557128906,2060,3.067307692307692e-05,430.48134994506836,-105.9558476805198,-0.00045501892454922197,0.00016928712,0.0,0.0,-1.4170808643102646,0.1
118,275,851968,8,98.11093139648438,2070,3.0336538461538462e-05,385.81083450317385,-105.1532240750757,-0.0003782815474551171,0.00013895183,0.0,-1.1920928955078125e-07,-1.4065427303314209,0.1
2,1543,856064,1,101.67430114746094,2080,3e-05,410.1119010925293,-104.42898765295045,-0.0005842054524691775,0.00019968703,0.0,0.0,-1.3949284464120866,0.1
19,426,860160,2,61.688167572021484,2090,3.2268518518518524e-05,250.84820175170898,-94.57174521439475,-0.0007476211671018973,0.00039172644,0.0,0.0,-1.3793863922357559,0.1
35,343,864256,3,62.84819412231445,2100,3.194444444444445e-05,252.89153785705565,-87.972192948726,-0.001189525955123827,0.000866443,0.0,0.0,-1.3591345876455307,0.1
52,309,868352,4,66.16334533691406,2110,3.162037037037037e-05,259.7205242156982,-88.93265152682551,-0.001091957336757332,0.0005843549,0.0,0.0,-1.3324497818946839,0.1
69,295,872448,5,62.074378967285156,2120,3.1296296296296295e-05,245.945548248291,-87.0607909661997,-0.0006592294957954437,0.00033681578,0.0,0.0,-1.3094536900520324,0.1
85,286,876544,6,60.39959716796875,2130,3.097222222222222e-05,244.08164138793944,-86.47554261412937,-0.0007875804149080068,0.00038438514,0.0,-1.1920928955078125e-07,-1.2891451120376587,0.1
102,280,880640,7,61.651432037353516,2140,3.064814814814815e-05,243.6545394897461,-87.11751101544593,-0.0009736107545904815,0.00041160797,0.0,0.0,-1.2662129193544387,0.1
118,275,884736,8,59.444496154785156,2150,3.0324074074074077e-05,233.60600929260255,-85.05034519170411,-0.0008150569890858605,0.00030942657,0.0,0.0,-1.244475457072258,0.1
2,1518,888832,1,51.574798583984375,2160,3e-05,204.19474601745605,-82.10974462057465,-0.0013175027910619975,0.0007133158,0.0,0.0,-1.2197158277034759,0.1
19,428,892928,2,79.65812683105469,2170,3.21875e-05,326.96224822998045,-95.13980509794317,-0.00019900816841982304,0.00010375504,0.0,5.960464477539063e-08,-1.2012389987707137,0.1
35,345,897024,3,83.6898193359375,2180,3.1875e-05,343.74512176513673,-103.67991428922862,-0.00015158391906879842,0.00046065077,0.0,1.7881393432617188e-07,-1.2138257920742035,0.1
52,314,901120,4,82.18389892578125,2190,3.15625e-05,321.8725166320801,-102.73928943069652,-0.001141460717190057,0.00078384293,0.0,0.0,-1.2099732220172883,0.1
70,292,905216,5,88.14216613769531,2200,3.125000000000001e-05,352.2376083374023,-105.57157535929232,-0.00037725713336840273,0.00011347592,0.0,1.7881393432617188e-07,-1.1858404994010925,0.1
87,281,909312,6,86.86195373535156,2210,3.09375e-05,352.4058097839355,-106.45794921880588,-0.0005222324485657737,0.00014479474,0.0,1.1920928955078125e-07,-1.1744249254465102,0.1
104,275,913408,7,85.07091522216797,2220,3.0625e-05,339.17857055664064,-105.62221616972238,-0.0002878886181861162,0.0004085068,0.0,-1.1920928955078125e-07,-1.1702677875757217,0.1
121,270,917504,8,82.46392059326172,2230,3.0312499999999998e-05,329.3089149475098,-103.84662790097296,-0.00047663947043474764,0.00017541669,0.0,0.0,-1.1851816803216935,0.1
2,1459,921600,1,82.75101470947266,2240,3e-05,332.88031845092775,-104.51174510044977,-0.000100531498901546,9.6548756e-05,0.0,1.1920928955078125e-07,-1.1891491740942002,0.1
19,414,925696,2,41.02301788330078,2250,3.2112068965517244e-05,164.570405960083,-86.14885985546512,-0.001694518845761195,0.00098441,0.006591796875,5.960464477539063e-08,-1.1778081685304642,0.1
36,332,929792,3,46.93448257446289,2260,3.1810344827586206e-05,191.75916442871093,-78.86884892954025,-0.001673881063470617,0.0011249497,0.0006103515625,0.0,-1.1368258506059647,0.1
54,303,933888,4,41.24024200439453,2270,3.1508620689655174e-05,163.49347343444825,-78.99412442463682,-0.00039555768598802387,0.00036275026,0.0,0.0,-1.1111919313669205,0.1
70,288,937984,5,40.24712371826172,2280,3.120689655172414e-05,157.72034072875977,-74.92001000628807,-0.0004430572618730366,0.00034567722,0.0,0.0,-1.1114425033330917,0.1
87,280,942080,6,40.67903518676758,2290,3.0905172413793105e-05,162.17394828796387,-76.7524088822049,-0.0006070870178518817,0.00024501025,0.0,0.0,-1.0906044632196426,0.1
104,274,946176,7,39.031192779541016,2300,3.060344827586207e-05,156.68389701843262,-75.85388648280873,-0.0006965331966057419,0.00025768756,0.0,0.0,-1.0738297909498216,0.1
121,270,950272,8,39.87851333618164,2310,3.0301724137931035e-05,157.5230224609375,-75.83009022921789,-0.0002994443057104945,7.990489e-05,0.0,0.0,-1.0678051322698594,0.1
2,1424,954368,1,40.02473831176758,2320,3e-05,161.26660690307617,-77.06255379287526,-0.001054845776525326,0.0007298391,0.0,0.0,-1.0467708557844162,0.1
19,420,958464,2,47.09773254394531,2330,3.204166666666667e-05,188.14984436035155,-78.38773457321571,-0.0022852376685477795,0.0015498482,0.011279296875,1.1920928955078125e-07,-1.0086154848337174,0.1
36,338,962560,3,45.19099044799805,2340,3.175e-05,185.8181282043457,-80.22459166116082,-0.00019677362288348377,2.1693297e-05,0.0,5.960464477539063e-08,-0.9841952368617057,0.1
53,308,966656,4,48.05255889892578,2350,3.145833333333334e-05,195.52397270202636,-81.63187303187325,-0.00021888595656491817,0.0006463387,0.0040283203125,-1.1920928955078125e-07,-0.9930318236351013,0.1
69,293,970752,5,46.02218246459961,2360,3.1166666666666674e-05,188.0065113067627,-81.88766331622843,6.567694072145969e-05,0.00081755966,0.003076171875,0.0,-1.012615692615509,0.1
86,283,974848,6,45.42499923706055,2370,3.0875e-05,181.86616020202638,-79.303769023004,-0.0007569747918751091,0.00034092285,2.44140625e-05,0.0,-1.0176464438438415,0.1
104,275,978944,7,48.47602081298828,2380,3.058333333333333e-05,191.17313194274902,-81.09804387222975,-0.000482654053485021,0.00017971509,0.0,5.960464477539063e-08,-1.0009108930826187,0.1
121,270,983040,8,44.70468521118164,2390,3.0291666666666667e-05,181.9743267059326,-80.7643065705942,-0.0006700515164993704,0.00026675494,0.0003173828125,1.7881393432617188e-07,-0.9898028999567032,0.1
